objectid,parentid,filename,description,title,youtubeid,format,creator,date,date-is-approximate?,item-information,subject,location,latitude,longitude,rights,type,language
DavinLoh001,DavinLoh015,loh01.JPG,These photos show Zack Klima and Sunny Yang having an interview with Davin Loh. ,Group 6 Pics,,image/JPG,"Kilma, Zachary Ma, Yunlong Odutayo, Olufunlola Yang, Sunny",11/5/2014,Yes,"single page, photograph",Interview,"Brookfield, IL",,,"Attribution-NonCommercial-NoDerivs 3.0 United States
http://creativecommons.org/licenses/by-nc-nd/3.0/us/
In Copyright
http://rightsstatements.org/page/InC/1.0/",Image;Stillmage,English
DavinLoh002,DavinLoh015,loh03.JPG,These photos show Zack Klima and Sunny Yang having an interview with Davin Loh. ,Group 6 Pics,,image/JPG,"Kilma, Zachary Ma, Yunlong Odutayo, Olufunlola Yang, Sunny",11/5/2014,Yes,"single page, photograph",Interview,"Brookfield, IL",,,"Attribution-NonCommercial-NoDerivs 3.0 United States
http://creativecommons.org/licenses/by-nc-nd/3.0/us/
In Copyright
http://rightsstatements.org/page/InC/1.0/",Image;Stillmage,English
DavinLoh003,DavinLoh015,loh04.JPG,These photos show Zack Klima and Sunny Yang having an interview with Davin Loh. ,Group 6 Pics,,image/JPG,"Kilma, Zachary Ma, Yunlong Odutayo, Olufunlola Yang, Sunny",11/5/2014,Yes,"single page, photograph",Interview,"Brookfield, IL",,,"Attribution-NonCommercial-NoDerivs 3.0 United States
http://creativecommons.org/licenses/by-nc-nd/3.0/us/
In Copyright
http://rightsstatements.org/page/InC/1.0/",Image;Stillmage,English
DavinLoh004,DavinLoh015,loh05.JPG,These photos show Zack Klima and Sunny Yang having an interview with Davin Loh. ,Group 6 Pics,,image/JPG,"Kilma, Zachary Ma, Yunlong Odutayo, Olufunlola Yang, Sunny",11/5/2014,Yes,"single page, photograph",Interview,"Brookfield, IL",,,"Attribution-NonCommercial-NoDerivs 3.0 United States
http://creativecommons.org/licenses/by-nc-nd/3.0/us/
In Copyright
http://rightsstatements.org/page/InC/1.0/",Image;Stillmage,English
DavinLoh005,DavinLoh015,loh06.JPG,These photos show Zack Klima and Sunny Yang having an interview with Davin Loh. ,Group 6 Pics,,image/JPG,"Kilma, Zachary Ma, Yunlong Odutayo, Olufunlola Yang, Sunny",11/5/2014,Yes,"single page, photograph",Interview,"Brookfield, IL",,,"Attribution-NonCommercial-NoDerivs 3.0 United States
http://creativecommons.org/licenses/by-nc-nd/3.0/us/
In Copyright
http://rightsstatements.org/page/InC/1.0/",Image;Stillmage,English
DavinLoh006,DavinLoh015,loh08.JPG,These photos show Zack Klima and Sunny Yang having an interview with Davin Loh. ,Group 6 Pics,,image/JPG,"Kilma, Zachary Ma, Yunlong Odutayo, Olufunlola Yang, Sunny",11/5/2014,Yes,"single page, photograph",Interview,"Brookfield, IL",,,"Attribution-NonCommercial-NoDerivs 3.0 United States
http://creativecommons.org/licenses/by-nc-nd/3.0/us/
In Copyright
http://rightsstatements.org/page/InC/1.0/",Image;Stillmage,English
DavinLoh007,DavinLoh015,loh09.JPG,These photos show Zack Klima and Sunny Yang having an interview with Davin Loh. ,Group 6 Pics,,image/JPG,"Kilma, Zachary Ma, Yunlong Odutayo, Olufunlola Yang, Sunny",11/5/2014,Yes,"single page, photograph",Interview,"Brookfield, IL",,,"Attribution-NonCommercial-NoDerivs 3.0 United States
http://creativecommons.org/licenses/by-nc-nd/3.0/us/
In Copyright
http://rightsstatements.org/page/InC/1.0/",Image;Stillmage,English
DavinLoh008,DavinLoh015,loh10.JPG,These photos show Zack Klima and Sunny Yang having an interview with Davin Loh. ,Group 6 Pics,,image/JPG,"Kilma, Zachary Ma, Yunlong Odutayo, Olufunlola Yang, Sunny",11/5/2014,Yes,"single page, photograph",Interview,"Brookfield, IL",,,"Attribution-NonCommercial-NoDerivs 3.0 United States
http://creativecommons.org/licenses/by-nc-nd/3.0/us/
In Copyright
http://rightsstatements.org/page/InC/1.0/",Image;Stillmage,English
DavinLoh009,DavinLoh015,loh11.JPG,These photos show Zack Klima and Sunny Yang having an interview with Davin Loh. ,Group 6 Pics,,image/JPG,"Kilma, Zachary Ma, Yunlong Odutayo, Olufunlola Yang, Sunny",11/5/2014,Yes,"single page, photograph",Interview,"Brookfield, IL",,,"Attribution-NonCommercial-NoDerivs 3.0 United States
http://creativecommons.org/licenses/by-nc-nd/3.0/us/
In Copyright
http://rightsstatements.org/page/InC/1.0/",Image;Stillmage,English
DavinLoh010,DavinLoh015,loh12.JPG,These photos show Zack Klima and Sunny Yang having an interview with Davin Loh. ,Group 6 Pics,,image/JPG,"Kilma, Zachary Ma, Yunlong Odutayo, Olufunlola Yang, Sunny",11/5/2014,Yes,"single page, photograph",Interview,"Brookfield, IL",,,"Attribution-NonCommercial-NoDerivs 3.0 United States
http://creativecommons.org/licenses/by-nc-nd/3.0/us/
In Copyright
http://rightsstatements.org/page/InC/1.0/",Image;Stillmage,English
DavinLoh011,DavinLoh015,loh14.JPG,These photos show Zack Klima and Sunny Yang having an interview with Davin Loh. ,Group 6 Pics,,image/JPG,"Kilma, Zachary Ma, Yunlong Odutayo, Olufunlola Yang, Sunny",11/5/2014,Yes,"single page, photograph",Interview,"Brookfield, IL",,,"Attribution-NonCommercial-NoDerivs 3.0 United States
http://creativecommons.org/licenses/by-nc-nd/3.0/us/
In Copyright
http://rightsstatements.org/page/InC/1.0/",Image;Stillmage,English
DavinLoh012,DavinLoh015,loh15.JPG,These photos show Zack Klima and Sunny Yang having an interview with Davin Loh. ,Group 6 Pics,,image/JPG,"Kilma, Zachary Ma, Yunlong Odutayo, Olufunlola Yang, Sunny",11/5/2014,Yes,"single page, photograph",Interview,"Brookfield, IL",,,"Attribution-NonCommercial-NoDerivs 3.0 United States
http://creativecommons.org/licenses/by-nc-nd/3.0/us/
In Copyright
http://rightsstatements.org/page/InC/1.0/",Image;Stillmage,English
DavinLoh013,DavinLoh015,,A Youtube video with Doc Mack interviewing Davin Loh and his experiences at the Galloping Ghost Arcade.,GGA-Gamer Profile: Davin Loh,3SokHbjqfIQ,video/mpeg,"Kilma, Zachary Ma, Yunlong Odutayo, Olufunlola Yang, Sunny",11/18/2013,Yes,youtube video,Davin Loh,"Brookfield, IL",,,"Attribution-NonCommercial-NoDerivs 3.0 United States
http://creativecommons.org/licenses/by-nc-nd/3.0/us/
In Copyright
http://rightsstatements.org/page/InC/1.0/",Video,English
DavinLoh014,DavinLoh015,Davin_Loh_Interv.mp3,"Davin Loh gets asked a lot about pinballs within the interview, but he is more into arcade systems. Davin is a well known player at the Galloping Ghost arcade, hitting high scores and beating world records. Davin Loh is known within the community to be the best at a handful of games at the arcade, but the biggest one is ""Capcom vs SNK 2"". A fighting arcade game that puts two players against each other and fights with a 48 character roster, but it's not the multiplayer part he is known for. Davin focuses more on the single player mode, it pins the player to do countless battles against CPUs and then gets awarded points for a score and the more the player wins the higher the points, but the harder the fights become. He brings alot of attention to the arcade when he is attempting to break a record or high score, he has been such a positive player to have at the Galloping Ghost arcade.",Interview with Davin Loh,,audio/MP3,"Kilma, Zachary Ma, Yunlong Odutayo, Olufunlola Yang, Sunny",11/4/2014,Yes,Interview,Davin Loh,"Brookfield, IL",,,"Attribution-NonCommercial-NoDerivs 3.0 United States
http://creativecommons.org/licenses/by-nc-nd/3.0/us/
In Copyright
http://rightsstatements.org/page/InC/1.0/",Audio; Interview,English
DavinLoh015,,,This is a collection of Davin Loh,Davin Loh Collection,,compound_object,"Kilma, Zachary Ma, Yunlong Odutayo, Olufunlola Yang, Sunny",,,Collection,Davin Loh,"Brookfield, IL",,,"Attribution-NonCommercial-NoDerivs 3.0 United States
http://creativecommons.org/licenses/by-nc-nd/3.0/us/
In Copyright
http://rightsstatements.org/page/InC/1.0/",Record,English
GallopingGhost01,GallopingGhost23,Portrait_1.jpg,"Photo of Doc Mack, the owner of the Galloping Ghost arcade.",Doc Mack,,image/JPG,"Bahena, Analy, Maciano li, Peter Sense, Braden Huff, Le Jalen Oluduro, Olumide",11/15/2014,Yes,"single page, photograph",Doc Mack,"Brookfield, IL",,,"Attribution-NonCommercial-NoDerivs 3.0 United States
http://creativecommons.org/licenses/by-nc-nd/3.0/us/
In Copyright
http://rightsstatements.org/page/InC/1.0/",Image;Stillmage,English
GallopingGhost02,GallopingGhost23,Portrait_3.jpg,Photo of Doc Mack on the floor next to some arcade machines.,Doc Mack,,image/JPG,"Bahena, Analy, Maciano li, Peter Sense, Braden Huff, Le Jalen Oluduro, Olumide",11/15/2014,Yes,"single page, photograph",Doc Mack,"Brookfield, IL",,,"Attribution-NonCommercial-NoDerivs 3.0 United States
http://creativecommons.org/licenses/by-nc-nd/3.0/us/
In Copyright
http://rightsstatements.org/page/InC/1.0/",Image;Stillmage,English
GallopingGhost03,GallopingGhost23,Arcades 1.JPG,Arcade machines collected around the world. All working and ready to be played.,Arcade Machines,,image/JPG,"Bahena, Analy, Maciano li, Peter Sense, Braden Huff, Le Jalen Oluduro, Olumide",11/15/2014,Yes,"single page, photograph",Machines,"Brookfield, IL",,,"Attribution-NonCommercial-NoDerivs 3.0 United States
http://creativecommons.org/licenses/by-nc-nd/3.0/us/
In Copyright
http://rightsstatements.org/page/InC/1.0/",Image;Stillmage,English
GallopingGhost04,GallopingGhost23,Arcades 2.jpg,Arcade machines collected around the world. All working and ready to be played.,Arcade Machines,,image/JPG,"Bahena, Analy, Maciano li, Peter Sense, Braden Huff, Le Jalen Oluduro, Olumide",11/15/2014,Yes,"single page, photograph",Machines,"Brookfield, IL",,,"Attribution-NonCommercial-NoDerivs 3.0 United States
http://creativecommons.org/licenses/by-nc-nd/3.0/us/
In Copyright
http://rightsstatements.org/page/InC/1.0/",Image;Stillmage,English
GallopingGhost05,GallopingGhost23,Arcades 3.jpg,Arcade machines collected around the world. All working and ready to be played.,Arcade Machines,,image/JPG,"Bahena, Analy, Maciano li, Peter Sense, Braden Huff, Le Jalen Oluduro, Olumide",11/15/2014,Yes,"single page, photograph",Machines,"Brookfield, IL",,,"Attribution-NonCommercial-NoDerivs 3.0 United States
http://creativecommons.org/licenses/by-nc-nd/3.0/us/
In Copyright
http://rightsstatements.org/page/InC/1.0/",Image;Stillmage,English
GallopingGhost06,GallopingGhost23,Arcades 4.jpg,Arcade machines collected around the world. All working and ready to be played.,Arcade Machines,,image/JPG,"Bahena, Analy, Maciano li, Peter Sense, Braden Huff, Le Jalen Oluduro, Olumide",11/15/2014,Yes,"single page, photograph",Machines,"Brookfield, IL",,,"Attribution-NonCommercial-NoDerivs 3.0 United States
http://creativecommons.org/licenses/by-nc-nd/3.0/us/
In Copyright
http://rightsstatements.org/page/InC/1.0/",Image;Stillmage,English
GallopingGhost07,GallopingGhost23,Arcades 5.jpg,Arcade machines collected around the world. All working and ready to be played.,Arcade Machines,,image/JPG,"Bahena, Analy, Maciano li, Peter Sense, Braden Huff, Le Jalen Oluduro, Olumide",11/15/2014,Yes,"single page, photograph",Machines,"Brookfield, IL",,,"Attribution-NonCommercial-NoDerivs 3.0 United States
http://creativecommons.org/licenses/by-nc-nd/3.0/us/
In Copyright
http://rightsstatements.org/page/InC/1.0/",Image;Stillmage,English
GallopingGhost08,,Arcades 6.jpg,Arcade machines collected around the world. All working and ready to be played.,Arcade Machines,,image/JPG,"Bahena, Analy, Maciano li, Peter Sense, Braden Huff, Le Jalen Oluduro, Olumide",11/15/2014,Yes,"single page, photograph",Machines,"Brookfield, IL",,,"Attribution-NonCommercial-NoDerivs 3.0 United States
http://creativecommons.org/licenses/by-nc-nd/3.0/us/
In Copyright
http://rightsstatements.org/page/InC/1.0/",Image;Stillmage,English
GallopingGhost09,GallopingGhost23,Arcades 7.jpg,Arcade machines collected around the world. All working and ready to be played.,Arcade Machines,,image/JPG,"Bahena, Analy, Maciano li, Peter Sense, Braden Huff, Le Jalen Oluduro, Olumide",11/15/2014,Yes,"single page, photograph",Machines,"Brookfield, IL",,,"Attribution-NonCommercial-NoDerivs 3.0 United States
http://creativecommons.org/licenses/by-nc-nd/3.0/us/
In Copyright
http://rightsstatements.org/page/InC/1.0/",Image;Stillmage,English
GallopingGhost10,GallopingGhost23,Arcades 8.jpg,Arcade machines collected around the world. All working and ready to be played.,Arcade Machines,,image/JPG,"Bahena, Analy, Maciano li, Peter Sense, Braden Huff, Le Jalen Oluduro, Olumide",11/15/2014,Yes,"single page, photograph",Machines,"Brookfield, IL",,,"Attribution-NonCommercial-NoDerivs 3.0 United States
http://creativecommons.org/licenses/by-nc-nd/3.0/us/
In Copyright
http://rightsstatements.org/page/InC/1.0/",Image;Stillmage,English
GallopingGhost12,GallopingGhost23,Arcades 10.jpg,Arcade machines collected around the world. All working and ready to be played.,Arcade Machines,,image/JPG,"Bahena, Analy, Maciano li, Peter Sense, Braden Huff, Le Jalen Oluduro, Olumide",11/15/2014,Yes,"single page, photograph",Machines,"Brookfield, IL",,,"Attribution-NonCommercial-NoDerivs 3.0 United States
http://creativecommons.org/licenses/by-nc-nd/3.0/us/
In Copyright
http://rightsstatements.org/page/InC/1.0/",Image;Stillmage,English
GallopingGhost13,GallopingGhost23,Arcades 11.JPG,Arcade machines collected around the world. All working and ready to be played.,Arcade Machines,,image/JPG,"Bahena, Analy, Maciano li, Peter Sense, Braden Huff, Le Jalen Oluduro, Olumide",11/15/2014,Yes,"single page, photograph",Machines,"Brookfield, IL",,,"Attribution-NonCommercial-NoDerivs 3.0 United States
http://creativecommons.org/licenses/by-nc-nd/3.0/us/
In Copyright
http://rightsstatements.org/page/InC/1.0/",Image;Stillmage,English
GallopingGhost16,GallopingGhost23,Arcades 14.JPG,Arcade machines collected around the world. All working and ready to be played.,Arcade Machines,,image/JPG,"Bahena, Analy, Maciano li, Peter Sense, Braden Huff, Le Jalen Oluduro, Olumide",11/15/2014,Yes,"single page, photograph",Machines,"Brookfield, IL",,,"Attribution-NonCommercial-NoDerivs 3.0 United States
http://creativecommons.org/licenses/by-nc-nd/3.0/us/
In Copyright
http://rightsstatements.org/page/InC/1.0/",Image;Stillmage,English
GallopingGhost17,GallopingGhost23,Arcades 15.jpg,Arcade machines collected around the world. All working and ready to be played.,Arcade Machines,,image/JPG,"Bahena, Analy, Maciano li, Peter Sense, Braden Huff, Le Jalen Oluduro, Olumide",11/15/2014,Yes,"single page, photograph",Machines,"Brookfield, IL",,,"Attribution-NonCommercial-NoDerivs 3.0 United States
http://creativecommons.org/licenses/by-nc-nd/3.0/us/
In Copyright
http://rightsstatements.org/page/InC/1.0/",Image;Stillmage,English
GallopingGhost18,GallopingGhost23,Exterior Images 1.jpg,The outside building and sign of the Galloping Ghost arcade.,Exterior of building,,image/JPG,"Bahena, Analy, Maciano li, Peter Sense, Braden Huff, Le Jalen Oluduro, Olumide",11/15/2014,Yes,"single page, photograph",Building,"Brookfield, IL",41.81713,-87.85578,"Attribution-NonCommercial-NoDerivs 3.0 United States
http://creativecommons.org/licenses/by-nc-nd/3.0/us/
In Copyright
http://rightsstatements.org/page/InC/1.0/",Image;Stillmage,English
GallopingGhost19,GallopingGhost23,Main Counter 5.jpg,"The front counter of the arcade, that sells snacks and drinks.",Front Counter,,image/JPG,"Bahena, Analy, Maciano li, Peter Sense, Braden Huff, Le Jalen Oluduro, Olumide",11/15/2014,Yes,"single page, photograph",Building,"Brookfield, IL",,,"Attribution-NonCommercial-NoDerivs 3.0 United States
http://creativecommons.org/licenses/by-nc-nd/3.0/us/
In Copyright
http://rightsstatements.org/page/InC/1.0/",Image;Stillmage,English
GallopingGhost20,GallopingGhost23,Pinballs 1.JPG,A collection of pinball machines that are hooked up and ready to play.,Galloping Ghost pinball machines,,image/JPG,"Bahena, Analy, Maciano li, Peter Sense, Braden Huff, Le Jalen Oluduro, Olumide",11/15/2014,Yes,"single page, photograph",Pinball Machines,"Brookfield, IL",,,"Attribution-NonCommercial-NoDerivs 3.0 United States
http://creativecommons.org/licenses/by-nc-nd/3.0/us/
In Copyright
http://rightsstatements.org/page/InC/1.0/",Image;Stillmage,English
GallopingGhost21,GallopingGhost23,Pinballs 2.JPG,A collection of pinball machines that are hooked up and ready to play.,Galloping Ghost pinball machines,,image/JPG,"Bahena, Analy, Maciano li, Peter Sense, Braden Huff, Le Jalen Oluduro, Olumide",11/15/2014,Yes,"single page, photograph",Pinball Machines,"Brookfield, IL",,,"Attribution-NonCommercial-NoDerivs 3.0 United States
http://creativecommons.org/licenses/by-nc-nd/3.0/us/
In Copyright
http://rightsstatements.org/page/InC/1.0/",Image;Stillmage,English
GallopingGhost22,GallopingGhost23,Galloping_Ghost_Interv.mp3,"Doc Mack gets interviewed about his arcade which still holds the title for the worlds largest arcade collection. He has about 885+ arcade games within his collection and contunios to grow with his  time spend searching for titles he wants and the ones the community would like to play. His arcade is free to play, coinless businnes because he doesnt want his customers to limit themselvs on the games they want to play. Rather paying a fee up front for the day and letting gamers have a chnace to expiernce new games with no penalty of running out of coins.",Interview with Doc Mack,,audio/MP3,"Bahena, Analy, Maciano li, Peter Sense, Braden Huff, Le Jalen Oluduro, Olumide",12/8/2014,Yes,Interview,Dock Mack,"Brookfield, IL",,,"Attribution-NonCommercial-NoDerivs 3.0 United States
http://creativecommons.org/licenses/by-nc-nd/3.0/us/
In Copyright
http://rightsstatements.org/page/InC/1.0/",Audio; Interview,English
GallopingGhost23,,,This is a collection of Galloping Ghost ,Galloping Ghost Collection,,compound_object,"Bahena, Analy, Maciano li, Peter Sense, Braden Huff, Le Jalen Oluduro, Olumide",,,Collection,Galloping Ghost,"Brookfield, IL",,,"Attribution-NonCommercial-NoDerivs 3.0 United States
http://creativecommons.org/licenses/by-nc-nd/3.0/us/
In Copyright
http://rightsstatements.org/page/InC/1.0/",Record,English
GeorgeSpanos01,GeorgeSpanos05,spanos01.jpg,"George Spanos is one of the great arcade repairmen in Chicago. He has repaired many arcade machines for many top arcades within Chicago such as Underground Retrocade, Pixel Blast Arcade and Galloping Ghost Arcade. He has written many articles on board games, monitors, supplies, etc. but his main focus is repairing these machines since each arcade system holds history in the coin-op era of gaming and holds a place in his childhood.",George Spanos ,,image/JPG,"Farrell, Taylor Glavan, Thomas Grzenia, Stephen Wira, Phil Zhang, Shuyu",12/9/2014,Yes,"single page, photograph",George Spanos,"Chicago, IL",,,"Attribution-NonCommercial-NoDerivs 3.0 United States
http://creativecommons.org/licenses/by-nc-nd/3.0/us/
In Copyright
http://rightsstatements.org/page/InC/1.0/",image;Stillmage,English
GeorgeSpanos02,GeorgeSpanos05,spanos02.jpg,Some arcade machines that George has fixed.,George Spanos's arcade machines,,image/JPG,"Farrell, Taylor Glavan, Thomas Grzenia, Stephen Wira, Phil Zhang, Shuyu",12/9/2014,Yes,"single page, photograph",Machines,"Chicago, IL",,,"Attribution-NonCommercial-NoDerivs 3.0 United States
http://creativecommons.org/licenses/by-nc-nd/3.0/us/
In Copyright
http://rightsstatements.org/page/InC/1.0/",image;Stillmage,English
GeorgeSpanos03,GeorgeSpanos05,George_Spanos_Interv1.mp3,Interview with George Spanos and his knowledge of fixing arcade machines. Also touched on topics of his experiences and his thoughts on how effective it is to keep these machines alive and well. ,Interview with George Spanos,,audio/MP3,"Farrell, Taylor Glavan, Thomas Grzenia, Stephen Wira, Phil Zhang, Shuyu",12/9/2014,Yes,Interview,George Spanos,"Chicago, IL",,,"Attribution-NonCommercial-NoDerivs 3.0 United States
http://creativecommons.org/licenses/by-nc-nd/3.0/us/
In Copyright
http://rightsstatements.org/page/InC/1.0/",Audio; Interview,English
GeorgeSpanos04,GeorgeSpanos05,George_Spanos_Interv2.mp3,Interview with George Spanos and his knowledge of fixing arcade machines. Also touched on topics of his experiences and his thoughts on how effective it is to keep these machines alive and well. ,Interview with George Spanos,,audio/MP3,"Farrell, Taylor Glavan, Thomas Grzenia, Stephen Wira, Phil Zhang, Shuyu",12/9/2014,Yes,Interview,George Spanos,"Chicago, IL",,,"Attribution-NonCommercial-NoDerivs 3.0 United States
http://creativecommons.org/licenses/by-nc-nd/3.0/us/
In Copyright
http://rightsstatements.org/page/InC/1.0/",Audio; Interview,English
GeorgeSpanos05,,,This is a collection of George Spanos,George Spanos Collection,,compound_object,"Farrell, Taylor Glavan, Thomas Grzenia, Stephen Wira, Phil Zhang, Shuyu",,,Collection,George Spanos,"chicago, IL",,,"Attribution-NonCommercial-NoDerivs 3.0 United States
http://creativecommons.org/licenses/by-nc-nd/3.0/us/
In Copyright
http://rightsstatements.org/page/InC/1.0/",Record,English
LoganArcade01,LoganArcade20,Front_Building.JPG,The front of the Logan arcade building.,Exterior of building,,image/JPG,"Barker, Thomas Mei, Wei Shao Elgin, Tobias Mayorga, Ariana Moy, Brian",11/21/2014,Yes,"single page, photograph",Building,"Chicago, IL",41.92531,-87.6881,"Attribution-NonCommercial-NoDerivs 3.0 United States
http://creativecommons.org/licenses/by-nc-nd/3.0/us/
In Copyright
http://rightsstatements.org/page/InC/1.0/",image;Stillmage,English
LoganArcade02,LoganArcade20,Pinball_Machines_01.JPG,A whole section of a room dedicated to numerous pinball machines from different franchises.,Logan Arcade pinball machines,,image/JPG,"Barker, Thomas Mei, Wei Shao Elgin, Tobias Mayorga, Ariana Moy, Brian",11/21/2014,Yes,"single page, photograph",Pinball Machines,"Chicago, IL",,,"Attribution-NonCommercial-NoDerivs 3.0 United States
http://creativecommons.org/licenses/by-nc-nd/3.0/us/
In Copyright
http://rightsstatements.org/page/InC/1.0/",image;Stillmage,English
LoganArcade03,LoganArcade20,Pinball_Machines_02.JPG,A whole section of a room dedicated to numerous pinball machines from different franchises.,Logan Arcade pinball machines,,image/JPG,"Barker, Thomas Mei, Wei Shao Elgin, Tobias Mayorga, Ariana Moy, Brian",11/21/2014,Yes,"single page, photograph",Pinball Machines,"Chicago, IL",,,"Attribution-NonCommercial-NoDerivs 3.0 United States
http://creativecommons.org/licenses/by-nc-nd/3.0/us/
In Copyright
http://rightsstatements.org/page/InC/1.0/",image;Stillmage,English
LoganArcade04,,Pinball_Machines_03.JPG,A whole section of a room dedicated to numerous pinball machines from different franchises.,Logan Arcade pinball machines,,image/JPG,"Barker, Thomas Mei, Wei Shao Elgin, Tobias Mayorga, Ariana Moy, Brian",11/21/2014,Yes,"single page, photograph",Pinball Machines,"Chicago, IL",,,"Attribution-NonCommercial-NoDerivs 3.0 United States
http://creativecommons.org/licenses/by-nc-nd/3.0/us/
In Copyright
http://rightsstatements.org/page/InC/1.0/",image;Stillmage,English
LoganArcade05,LoganArcade20,Front_Desk.JPG,"The front desk view at Logan arcade, company with dim lighting.",Exterior of building,,image/JPG,"Barker, Thomas Mei, Wei Shao Elgin, Tobias Mayorga, Ariana Moy, Brian",11/21/2014,Yes,"single page, photograph",Building,"Chicago, IL",,,"Attribution-NonCommercial-NoDerivs 3.0 United States
http://creativecommons.org/licenses/by-nc-nd/3.0/us/
In Copyright
http://rightsstatements.org/page/InC/1.0/",image;Stillmage,English
LoganArcade06,LoganArcade20,Arcades_01.JPG,Some of the many classic arcade machines that are ready to play at Logan arcade.,Arcade Machines,,image/JPG,"Barker, Thomas Mei, Wei Shao Elgin, Tobias Mayorga, Ariana Moy, Brian",11/21/2014,Yes,"single page, photograph",machines,"Chicago, IL",,,"Attribution-NonCommercial-NoDerivs 3.0 United States
http://creativecommons.org/licenses/by-nc-nd/3.0/us/
In Copyright
http://rightsstatements.org/page/InC/1.0/",image;Stillmage,English
LoganArcade07,LoganArcade20,Pinball_Machines_04.JPG,A whole section of a room dedicated to numerous pinball machines from different franchises.,Logan Arcade pinball machines,,image/JPG,"Barker, Thomas Mei, Wei Shao Elgin, Tobias Mayorga, Ariana Moy, Brian",11/21/2014,Yes,"single page, photograph",Pinball Machines,"Chicago, IL",,,"Attribution-NonCommercial-NoDerivs 3.0 United States
http://creativecommons.org/licenses/by-nc-nd/3.0/us/
In Copyright
http://rightsstatements.org/page/InC/1.0/",image;Stillmage,English
LoganArcade08,LoganArcade20,Pinball_Machines_05.JPG,A whole section of a room dedicated to numerous pinball machines from different franchises.,Logan Arcade pinball machines,,image/JPG,"Barker, Thomas Mei, Wei Shao Elgin, Tobias Mayorga, Ariana Moy, Brian",11/21/2014,Yes,"single page, photograph",Pinball Machines,"Chicago, IL",,,"Attribution-NonCommercial-NoDerivs 3.0 United States
http://creativecommons.org/licenses/by-nc-nd/3.0/us/
In Copyright
http://rightsstatements.org/page/InC/1.0/",image;Stillmage,English
LoganArcade09,LoganArcade20,Pinball_Machines_06.JPG,A whole section of a room dedicated to numerous pinball machines from different franchises.,Logan Arcade pinball machines,,image/JPG,"Barker, Thomas Mei, Wei Shao Elgin, Tobias Mayorga, Ariana Moy, Brian",11/21/2014,Yes,"single page, photograph",Pinball Machines,"Chicago, IL",,,"Attribution-NonCommercial-NoDerivs 3.0 United States
http://creativecommons.org/licenses/by-nc-nd/3.0/us/
In Copyright
http://rightsstatements.org/page/InC/1.0/",image;Stillmage,English
LoganArcade10,LoganArcade20,Pinball_Machines_07.JPG,A whole section of a room dedicated to numerous pinball machines from different franchises.,Logan Arcade pinball machines,,image/JPG,"Barker, Thomas Mei, Wei Shao Elgin, Tobias Mayorga, Ariana Moy, Brian",11/21/2014,Yes,"single page, photograph",Pinball Machines,"Chicago, IL",,,"Attribution-NonCommercial-NoDerivs 3.0 United States
http://creativecommons.org/licenses/by-nc-nd/3.0/us/
In Copyright
http://rightsstatements.org/page/InC/1.0/",image;Stillmage,English
LoganArcade11,LoganArcade20,Pinball_Machines_08.JPG,A whole section of a room dedicated to numerous pinball machines from different franchises.,Logan Arcade pinball machines,,image/JPG,"Barker, Thomas Mei, Wei Shao Elgin, Tobias Mayorga, Ariana Moy, Brian",11/21/2014,Yes,"single page, photograph",Pinball Machines,"Chicago, IL",,,"Attribution-NonCommercial-NoDerivs 3.0 United States
http://creativecommons.org/licenses/by-nc-nd/3.0/us/
In Copyright
http://rightsstatements.org/page/InC/1.0/",image;Stillmage,English
LoganArcade12,LoganArcade20,Pinball_Machines_09.JPG,A whole section of a room dedicated to numerous pinball machines from different franchises.,Logan Arcade pinball machines,,image/JPG,"Barker, Thomas Mei, Wei Shao Elgin, Tobias Mayorga, Ariana Moy, Brian",11/21/2014,Yes,"single page, photograph",Pinball Machines,"Chicago, IL",,,"Attribution-NonCommercial-NoDerivs 3.0 United States
http://creativecommons.org/licenses/by-nc-nd/3.0/us/
In Copyright
http://rightsstatements.org/page/InC/1.0/",image;Stillmage,English
LoganArcade13,LoganArcade20,Arcades_02.JPG,Some of the many classic arcade machines that are ready to play at Logan arcade.,Arcade Machines,,image/JPG,"Barker, Thomas Mei, Wei Shao Elgin, Tobias Mayorga, Ariana Moy, Brian",11/21/2014,Yes,"single page, photograph",machines,"Chicago, IL",,,"Attribution-NonCommercial-NoDerivs 3.0 United States
http://creativecommons.org/licenses/by-nc-nd/3.0/us/
In Copyright
http://rightsstatements.org/page/InC/1.0/",image;Stillmage,English
LoganArcade14,LoganArcade20,Arcades_03.JPG,Some of the many classic arcade machines that are ready to play at Logan arcade.,Arcade Machines,,image/JPG,"Barker, Thomas Mei, Wei Shao Elgin, Tobias Mayorga, Ariana Moy, Brian",11/21/2014,Yes,"single page, photograph",machines,"Chicago, IL",,,"Attribution-NonCommercial-NoDerivs 3.0 United States
http://creativecommons.org/licenses/by-nc-nd/3.0/us/
In Copyright
http://rightsstatements.org/page/InC/1.0/",image;Stillmage,English
LoganArcade15,LoganArcade20,Pinball_Machines_10.JPG,A whole section of a room dedicated to numerous pinball machines from different franchises.,Logan Arcade pinball machines,,image/JPG,"Barker, Thomas Mei, Wei Shao Elgin, Tobias Mayorga, Ariana Moy, Brian",11/21/2014,Yes,"single page, photograph",Pinball Machines,"Chicago, IL",,,"Attribution-NonCommercial-NoDerivs 3.0 United States
http://creativecommons.org/licenses/by-nc-nd/3.0/us/
In Copyright
http://rightsstatements.org/page/InC/1.0/",image;Stillmage,English
LoganArcade16,LoganArcade20,Arcades_04.JPG,Some of the many classic arcade machines that are ready to play at Logan arcade.,Arcade Machines,,image/JPG,"Barker, Thomas Mei, Wei Shao Elgin, Tobias Mayorga, Ariana Moy, Brian",11/21/2014,Yes,"single page, photograph",machines,"Chicago, IL",,,"Attribution-NonCommercial-NoDerivs 3.0 United States
http://creativecommons.org/licenses/by-nc-nd/3.0/us/
In Copyright
http://rightsstatements.org/page/InC/1.0/",image;Stillmage,English
LoganArcade17,LoganArcade20,Arcades_05.JPG,Some of the many classic arcade machines that are ready to play at Logan arcade.,Arcade Machines,,image/JPG,"Barker, Thomas Mei, Wei Shao Elgin, Tobias Mayorga, Ariana Moy, Brian",11/21/2014,Yes,"single page, photograph",machines,"Chicago, IL",,,"Attribution-NonCommercial-NoDerivs 3.0 United States
http://creativecommons.org/licenses/by-nc-nd/3.0/us/
In Copyright
http://rightsstatements.org/page/InC/1.0/",image;Stillmage,English
LoganArcade18,LoganArcade20,Jim_Zespy.JPG,Jim Zespy the owner of Logan arcade.,Jim Zespy,,image/JPG,"Barker, Thomas Mei, Wei Shao Elgin, Tobias Mayorga, Ariana Moy, Brian",11/21/2014,Yes,"single page, photograph",Jim Zespy,"Chicago, IL",,,"Attribution-NonCommercial-NoDerivs 3.0 United States
http://creativecommons.org/licenses/by-nc-nd/3.0/us/
In Copyright
http://rightsstatements.org/page/InC/1.0/",image;Stillmage,English
LoganArcade19,LoganArcade20,Logan_Arcade_Interv.mp3,"An interview by Tom Barker, Tom interviews Jim Zespy, the owner of Logan arcade. Various topics are touched upon about Jim and how he started his business, what kind of impact he wants to leave for players who come to his arcade, and his thoughts on the coin-op industry and how well he adjust his arcade to be fair for new players and old ones.",Interview with Jim Zespy,,audio/MP3,"Barker, Thomas Mei, Wei Shao Elgin, Tobias Mayorga, Ariana Moy, Brian",11/21/2014,Yes,Interview,Jim Zespy,"Chicago, IL",,,"Attribution-NonCommercial-NoDerivs 3.0 United States
http://creativecommons.org/licenses/by-nc-nd/3.0/us/
In Copyright
http://rightsstatements.org/page/InC/1.0/",audio; Interview,English
LoganArcade20,,,This is a collection of Logan Arcade,Logan Arcade Collection,,compound_object,"Barker, Thomas Mei, Wei Shao Elgin, Tobias Mayorga, Ariana Moy, Brian",,,Collection,Logan Arcade,"Chicago, IL",,,"Attribution-NonCommercial-NoDerivs 3.0 United States
http://creativecommons.org/licenses/by-nc-nd/3.0/us/
In Copyright
http://rightsstatements.org/page/InC/1.0/",Record,English
LuckyStrike01,LuckyStrike20,Arcade_Area_01.jpg,Here is the arcade area where they have redemption arcade machines that give tickets depending on the score you get on the game.,Arcade Machines,,image/JPG,"Nguyen,Ricky Chionglo, Jeremy Otgnontulga, khashkhuu Brekke, Eric Castellanos, Christopher",11/03/2016-12/09/2016,No,"single page, photograph",Machines,"Chicago, IL",,,"Attribution-NonCommercial-NoDerivs 3.0 United States
http://creativecommons.org/licenses/by-nc-nd/3.0/us/
In Copyright
http://rightsstatements.org/page/InC/1.0/",image;Stillmage,English
LuckyStrike02,LuckyStrike20,Arcade_Area_02.jpg,Here is the arcade area where they have redemption arcade machines that give tickets depending on the score you get on the game.,Arcade Machines,,image/JPG,"Nguyen,Ricky Chionglo, Jeremy Otgnontulga, khashkhuu Brekke, Eric Castellanos, Christopher",11/03/2016-12/09/2017,No,"single page, photograph",Machines,"Chicago, IL",,,"Attribution-NonCommercial-NoDerivs 3.0 United States
http://creativecommons.org/licenses/by-nc-nd/3.0/us/
In Copyright
http://rightsstatements.org/page/InC/1.0/",image;Stillmage,English
LuckyStrike03,LuckyStrike20,Arcade_Area_03.jpg,Here is the arcade area where they have redemption arcade machines that give tickets depending on the score you get on the game.,Arcade Machines,,image/JPG,"Nguyen,Ricky Chionglo, Jeremy Otgnontulga, khashkhuu Brekke, Eric Castellanos, Christopher",11/03/2016-12/09/2018,No,"single page, photograph",Machines,"Chicago, IL",,,"Attribution-NonCommercial-NoDerivs 3.0 United States
http://creativecommons.org/licenses/by-nc-nd/3.0/us/
In Copyright
http://rightsstatements.org/page/InC/1.0/",image;Stillmage,English
LuckyStrike04,LuckyStrike20,Arcade_Area_04.jpg,Here is the arcade area where they have redemption arcade machines that give tickets depending on the score you get on the game.,Arcade Machines,,image/JPG,"Nguyen,Ricky Chionglo, Jeremy Otgnontulga, khashkhuu Brekke, Eric Castellanos, Christopher",11/03/2016-12/09/2019,No,"single page, photograph",Machines,"Chicago, IL",,,"Attribution-NonCommercial-NoDerivs 3.0 United States
http://creativecommons.org/licenses/by-nc-nd/3.0/us/
In Copyright
http://rightsstatements.org/page/InC/1.0/",image;Stillmage,English
LuckyStrike05,LuckyStrike20,Arcade_Area_05.jpg,Here is the arcade area where they have redemption arcade machines that give tickets depending on the score you get on the game.,Arcade Machines,,image/JPG,"Nguyen,Ricky Chionglo, Jeremy Otgnontulga, khashkhuu Brekke, Eric Castellanos, Christopher",11/03/2016-12/09/2019,No,"single page, photograph",Machines,"Chicago, IL",,,"Attribution-NonCommercial-NoDerivs 3.0 United States
http://creativecommons.org/licenses/by-nc-nd/3.0/us/
In Copyright
http://rightsstatements.org/page/InC/1.0/",image;Stillmage,English
LuckyStrike06,LuckyStrike20,Bar.jpg,A large bar within Lucky Strike arcade.,Lucky Strike Bar,,image/JPG,"Nguyen,Ricky Chionglo, Jeremy Otgnontulga, khashkhuu Brekke, Eric Castellanos, Christopher",11/03/2016-12/09/2020,No,"single page, photograph",Building,"Chicago, IL",,,"Attribution-NonCommercial-NoDerivs 3.0 United States
http://creativecommons.org/licenses/by-nc-nd/3.0/us/
In Copyright
http://rightsstatements.org/page/InC/1.0/",image;Stillmage,English
LuckyStrike07,LuckyStrike20,Bowling_Alley.jpg,The bowling ally that can hold about 10 lanes.,lucky Strike Bowling Alley,,image/JPG,"Nguyen,Ricky Chionglo, Jeremy Otgnontulga, khashkhuu Brekke, Eric Castellanos, Christopher",11/03/2016-12/09/2021,No,"single page, photograph",Activities,"Chicago, IL",,,"Attribution-NonCommercial-NoDerivs 3.0 United States
http://creativecommons.org/licenses/by-nc-nd/3.0/us/
In Copyright
http://rightsstatements.org/page/InC/1.0/",image;Stillmage,English
LuckyStrike08,LuckyStrike20,Front_Sign.jpg,The front sign of the Lucky Strike arcade.,Front sign ,,image/JPG,"Nguyen,Ricky Chionglo, Jeremy Otgnontulga, khashkhuu Brekke, Eric Castellanos, Christopher",11/03/2016-12/09/2022,No,"single page, photograph",Building,"Chicago, IL",41.90319,-87.62038,"Attribution-NonCommercial-NoDerivs 3.0 United States
http://creativecommons.org/licenses/by-nc-nd/3.0/us/
In Copyright
http://rightsstatements.org/page/InC/1.0/",image;Stillmage,English
LuckyStrike09,LuckyStrike20,Interview_with_Sean_Davis.jpg,A photo taken that shows the interview done with Sean Davis,Sean Davis Interview,,image/JPG,"Nguyen,Ricky Chionglo, Jeremy Otgnontulga, khashkhuu Brekke, Eric Castellanos, Christopher",11/03/2016-12/09/2023,No,"single page, photograph",Sean Davis,"Chicago, IL",,,"Attribution-NonCommercial-NoDerivs 3.0 United States
http://creativecommons.org/licenses/by-nc-nd/3.0/us/
In Copyright
http://rightsstatements.org/page/InC/1.0/",image;Stillmage,English
LuckyStrike10,LuckyStrike20,Mini_Golf_01.jpg,A mini golf area within the arcade that depicts parts of Chicago. ,Mini Golf,,image/JPG,"Nguyen,Ricky Chionglo, Jeremy Otgnontulga, khashkhuu Brekke, Eric Castellanos, Christopher",11/03/2016-12/09/2024,No,"single page, photograph",Activities,"Chicago, IL",,,"Attribution-NonCommercial-NoDerivs 3.0 United States
http://creativecommons.org/licenses/by-nc-nd/3.0/us/
In Copyright
http://rightsstatements.org/page/InC/1.0/",image;Stillmage,English
LuckyStrike11,LuckyStrike20,Mini_Golf_02.jpg,A mini golf area within the arcade that depicts parts of Chicago. ,Mini Golf,,image/JPG,"Nguyen,Ricky Chionglo, Jeremy Otgnontulga, khashkhuu Brekke, Eric Castellanos, Christopher",11/03/2016-12/09/2025,No,"single page, photograph",Activities,"Chicago, IL",,,"Attribution-NonCommercial-NoDerivs 3.0 United States
http://creativecommons.org/licenses/by-nc-nd/3.0/us/
In Copyright
http://rightsstatements.org/page/InC/1.0/",image;Stillmage,English
LuckyStrike12,LuckyStrike20,Mini_Golf_03.jpg,A mini golf area within the arcade that depicts parts of Chicago. ,Mini Golf,,image/JPG,"Nguyen,Ricky Chionglo, Jeremy Otgnontulga, khashkhuu Brekke, Eric Castellanos, Christopher",11/03/2016-12/09/2026,No,"single page, photograph",Activities,"Chicago, IL",,,"Attribution-NonCommercial-NoDerivs 3.0 United States
http://creativecommons.org/licenses/by-nc-nd/3.0/us/
In Copyright
http://rightsstatements.org/page/InC/1.0/",image;Stillmage,English
LuckyStrike13,LuckyStrike20,Mini_Golf_04.jpg,A mini golf area within the arcade that depicts parts of Chicago. ,Mini Golf,,image/JPG,"Nguyen,Ricky Chionglo, Jeremy Otgnontulga, khashkhuu Brekke, Eric Castellanos, Christopher",11/03/2016-12/09/2027,No,"single page, photograph",Activities,"Chicago, IL",,,"Attribution-NonCommercial-NoDerivs 3.0 United States
http://creativecommons.org/licenses/by-nc-nd/3.0/us/
In Copyright
http://rightsstatements.org/page/InC/1.0/",image;Stillmage,English
LuckyStrike14,LuckyStrike20,Mini_Golf_05.jpg,A mini golf area within the arcade that depicts parts of Chicago. ,Mini Golf,,image/JPG,"Nguyen,Ricky Chionglo, Jeremy Otgnontulga, khashkhuu Brekke, Eric Castellanos, Christopher",11/03/2016-12/09/2028,No,"single page, photograph",Activities,"Chicago, IL",,,"Attribution-NonCommercial-NoDerivs 3.0 United States
http://creativecommons.org/licenses/by-nc-nd/3.0/us/
In Copyright
http://rightsstatements.org/page/InC/1.0/",image;Stillmage,English
LuckyStrike15,LuckyStrike20,Mini_Golf_06.jpg,A mini golf area within the arcade that depicts parts of Chicago. ,Mini Golf,,image/JPG,"Nguyen,Ricky Chionglo, Jeremy Otgnontulga, khashkhuu Brekke, Eric Castellanos, Christopher",11/03/2016-12/09/2029,No,"single page, photograph",Activities,"Chicago, IL",,,"Attribution-NonCommercial-NoDerivs 3.0 United States
http://creativecommons.org/licenses/by-nc-nd/3.0/us/
In Copyright
http://rightsstatements.org/page/InC/1.0/",image;Stillmage,English
LuckyStrike16,,Pool_Room.jpg,A pool table section in front of the bar that houses about 10 tables.,Pool Tables,,image/JPG,"Nguyen,Ricky Chionglo, Jeremy Otgnontulga, khashkhuu Brekke, Eric Castellanos, Christopher",11/03/2016-12/09/2030,No,"single page, photograph",Activities,"Chicago, IL",,,"Attribution-NonCommercial-NoDerivs 3.0 United States
http://creativecommons.org/licenses/by-nc-nd/3.0/us/
In Copyright
http://rightsstatements.org/page/InC/1.0/",image;Stillmage,English
LuckyStrike17,LuckyStrike20,Prize_Shop.jpg,This section of the arcade area is a prize shop where you can exchange tickets that you earned for prizes.,Prize Shop,,image/JPG,"Nguyen,Ricky Chionglo, Jeremy Otgnontulga, khashkhuu Brekke, Eric Castellanos, Christopher",11/03/2016-12/09/2031,No,"single page, photograph",Building,"Chicago, IL",,,"Attribution-NonCommercial-NoDerivs 3.0 United States
http://creativecommons.org/licenses/by-nc-nd/3.0/us/
In Copyright
http://rightsstatements.org/page/InC/1.0/",image;Stillmage,English
LuckyStrike18,LuckyStrike20,Sean_Davis_Portrait.jpg,Photo of Sean Davis in front of the Lucky Strike arcade sign.,Sean Davis ,,image/JPG,"Nguyen,Ricky Chionglo, Jeremy Otgnontulga, khashkhuu Brekke, Eric Castellanos, Christopher",11/03/2016-12/09/2032,No,"single page, photograph",Sean Davis,"Chicago, IL",,,"Attribution-NonCommercial-NoDerivs 3.0 United States
http://creativecommons.org/licenses/by-nc-nd/3.0/us/
In Copyright
http://rightsstatements.org/page/InC/1.0/",image;Stillmage,English
LuckyStrike19,LuckyStrike20,Lucky_Strike_FTW_Interv.mp3,An interview by Ricky Nguyen and Jeremy Chionglo who talk with Sean Davis the director of operations at Lucky Strike. Sean mentions how he has a long history of entertainment business and he wanted to incorporate it more into Lucky Strike. Hence why there are a wide range of different areas of entertainment within Lucky Strike. From arcades that make adults feel like kids again to mini golf themed as historical parts of Chicago. His goal is to make a place where its for the family and not just for the kids or just for the parents. ,Interview with Sean Davis,,audio/MP3,"Nguyen,Ricky Chionglo, Jeremy Otgnontulga, khashkhuu Brekke, Eric Castellanos, Christopher",11/03/2016-12/09/2033,No,Interview,Sean Davis,"Chicago, IL",,,"Attribution-NonCommercial-NoDerivs 3.0 United States
http://creativecommons.org/licenses/by-nc-nd/3.0/us/
In Copyright
http://rightsstatements.org/page/InC/1.0/",audio; Interview,English
LuckyStrike20,,,This is a collection of Lucky Strike,Lucky Strike Collection,,compound_object,"Nguyen,Ricky Chionglo, Jeremy Otgnontulga, khashkhuu Brekke, Eric Castellanos, Christopher",,,Collection,Lucky Strike,"Chicago, IL",,,"Attribution-NonCommercial-NoDerivs 3.0 United States
http://creativecommons.org/licenses/by-nc-nd/3.0/us/
In Copyright
http://rightsstatements.org/page/InC/1.0/",Record,English
MidWest01,MidWest14,Broken_Pinball_Machine_01.JPG,Pictures of old broken down pinball machines.,Broken Pinball Machine,,image/JPG,"Rubio, Douglas Atkins, James Sipprell, Shawn Viramontes, Daniel, DeAnda, Michael",09/11/2016-09/12/2016,No,"single page, photograph",Pinball Machines,"Oak Park,IL",,,"Attribution-NonCommercial-ShareAlike 3.0 United States
http://creativecommons.org/licenses/by-nc-sa/3.0/us/
In Copyright
http://rightsstatements.org/page/InC/1.0/",image;Stillmage,English
MidWest02,MidWest14,Broken_Pinball_Machine_02.JPG,Pictures of old broken down pinball machines.,Broken Pinball Machine,,image/JPG,"Rubio, Douglas Atkins, James Sipprell, Shawn Viramontes, Daniel, DeAnda, Michael",09/11/2016-09/12/2016,No,"single page, photograph",Pinball Machines,"Oak Park,IL",,,"Attribution-NonCommercial-ShareAlike 3.0 United States
http://creativecommons.org/licenses/by-nc-sa/3.0/us/
In Copyright
http://rightsstatements.org/page/InC/1.0/",image;Stillmage,English
MidWest03,MidWest14,Broken_Pinball_Machine_03.JPG,Pictures of old broken down pinball machines.,Broken Pinball Machine,,image/JPG,"Rubio, Douglas Atkins, James Sipprell, Shawn Viramontes, Daniel, DeAnda, Michael",09/11/2016-09/12/2016,No,"single page, photograph",Pinball Machines,"Oak Park,IL",,,"Attribution-NonCommercial-ShareAlike 3.0 United States
http://creativecommons.org/licenses/by-nc-sa/3.0/us/
In Copyright
http://rightsstatements.org/page/InC/1.0/",image;Stillmage,English
MidWest04,,Classic_Pinball_Machine_01.JPG,Pictures of classic pinball machines.,Retro Pinball Machine,,image/JPG,"Rubio, Douglas Atkins, James Sipprell, Shawn Viramontes, Daniel, DeAnda, Michael",09/11/2016-09/12/2016,No,"single page, photograph",Pinball Machines,"Oak Park,IL",,,"Attribution-NonCommercial-ShareAlike 3.0 United States
http://creativecommons.org/licenses/by-nc-sa/3.0/us/
In Copyright
http://rightsstatements.org/page/InC/1.0/",image;Stillmage,English
MidWest05,MidWest14,Classic_Pinball_Machine_02.JPG,Pictures of classic pinball machines.,Retro Pinball Machine,,image/JPG,"Rubio, Douglas Atkins, James Sipprell, Shawn Viramontes, Daniel, DeAnda, Michael",09/11/2016-09/12/2016,No,"single page, photograph",Pinball Machines,"Oak Park,IL",,,"Attribution-NonCommercial-ShareAlike 3.0 United States
http://creativecommons.org/licenses/by-nc-sa/3.0/us/
In Copyright
http://rightsstatements.org/page/InC/1.0/",image;Stillmage,English
MidWest06,MidWest14,Classic_Pinball_Machine_03.JPG,Pictures of classic pinball machines.,Retro Pinball Machine,,image/JPG,"Rubio, Douglas Atkins, James Sipprell, Shawn Viramontes, Daniel, DeAnda, Michael",09/11/2016-09/12/2016,No,"single page, photograph",Pinball Machines,"Oak Park,IL",,,"Attribution-NonCommercial-ShareAlike 3.0 United States
http://creativecommons.org/licenses/by-nc-sa/3.0/us/
In Copyright
http://rightsstatements.org/page/InC/1.0/",image;Stillmage,English
MidWest07,MidWest14,Classic_Pinball_Machine_04.JPG,Pictures of classic pinball machines.,Retro Pinball Machine,,image/JPG,"Rubio, Douglas Atkins, James Sipprell, Shawn Viramontes, Daniel, DeAnda, Michael",09/11/2016-09/12/2016,No,"single page, photograph",Pinball Machines,"Oak Park,IL",,,"Attribution-NonCommercial-ShareAlike 3.0 United States
http://creativecommons.org/licenses/by-nc-sa/3.0/us/
In Copyright
http://rightsstatements.org/page/InC/1.0/",image;Stillmage,English
MidWest08,MidWest14,Classic_Pinball_Machine_05.JPG,Pictures of classic pinball machines.,Retro Pinball Machine,,image/JPG,"Rubio, Douglas Atkins, James Sipprell, Shawn Viramontes, Daniel, DeAnda, Michael",09/11/2016-09/12/2016,No,"single page, photograph",Pinball Machines,"Oak Park,IL",,,"Attribution-NonCommercial-ShareAlike 3.0 United States
http://creativecommons.org/licenses/by-nc-sa/3.0/us/
In Copyright
http://rightsstatements.org/page/InC/1.0/",image;Stillmage,English
MidWest09,MidWest14,Classic_Pinball_Machine_06.JPG,Pictures of classic pinball machines.,Retro Pinball Machine,,image/JPG,"Rubio, Douglas Atkins, James Sipprell, Shawn Viramontes, Daniel, DeAnda, Michael",09/11/2016-09/12/2016,No,"single page, photograph",Pinball Machines,"Oak Park,IL",,,"Attribution-NonCommercial-ShareAlike 3.0 United States
http://creativecommons.org/licenses/by-nc-sa/3.0/us/
In Copyright
http://rightsstatements.org/page/InC/1.0/",image;Stillmage,English
MidWest10,MidWest14,Repair_Shop_01.JPG,Some pictures of the shop that is used to repair pinball machines.,Midwest Repair Shop,,image/JPG,"Rubio, Douglas Atkins, James Sipprell, Shawn Viramontes, Daniel, DeAnda, Michael",09/11/2016-09/12/2016,No,"single page, photograph",Building,"Oak Park,IL",41.87612,-87.79138,"Attribution-NonCommercial-ShareAlike 3.0 United States
http://creativecommons.org/licenses/by-nc-sa/3.0/us/
In Copyright
http://rightsstatements.org/page/InC/1.0/",image;Stillmage,English
MidWest11,MidWest14,Repair_Shop_02.JPG,Some pictures of the shop that is used to repair pinball machines.,Midwest Repair Shop,,image/JPG,"Rubio, Douglas Atkins, James Sipprell, Shawn Viramontes, Daniel, DeAnda, Michael",09/11/2016-09/12/2016,No,"single page, photograph",Building,"Oak Park,IL",,,"Attribution-NonCommercial-ShareAlike 3.0 United States
http://creativecommons.org/licenses/by-nc-sa/3.0/us/
In Copyright
http://rightsstatements.org/page/InC/1.0/",image;Stillmage,English
MidWest12,MidWest14,Rich_Huff.JPG,A photo of Rich Huff in the repair shop.,Rich Huff,,image/JPG,"Rubio, Douglas Atkins, James Sipprell, Shawn Viramontes, Daniel, DeAnda, Michael",09/11/2016-09/12/2016,No,"single page, photograph",Rich Huff,"Oak Park,IL",,,"Attribution-NonCommercial-ShareAlike 3.0 United States
http://creativecommons.org/licenses/by-nc-sa/3.0/us/
In Copyright
http://rightsstatements.org/page/InC/1.0/",image;Stillmage,English
MidWest13,MidWest14,Midwest_Pinball_Interv.mp3,"An interview by Douglas Rubio and James Atkins who talk to Rich Huff, who owns Midwest Pinball. Midwest Pinball does not work commercially and is more structured to help residential customers who need repairs on their pinball machines. Rich's experience of being a repairman helps bring life back into these old beaten down machines, so their history would not be forgotten. ",Interview with Rich Huff,,audio/MP3,"Rubio, Douglas Atkins, James Sipprell, Shawn Viramontes, Daniel, DeAnda, Michael",09/11/2016-09/12/2016,No,Interview,Rich Huff,"Oak Park,IL",,,"Attribution-NonCommercial-ShareAlike 3.0 United States
http://creativecommons.org/licenses/by-nc-sa/3.0/us/
In Copyright
http://rightsstatements.org/page/InC/1.0/",audio; Interview,English
MidWest14,,,This is a collection of Midwest,Midwest Collection,,compound_object,"Rubio, Douglas Atkins, James Sipprell, Shawn Viramontes, Daniel, DeAnda, Michael",,,Collection,Midwest,"Oak Park,IL",,,"Attribution-NonCommercial-ShareAlike 3.0 United States
http://creativecommons.org/licenses/by-nc-sa/3.0/us/
In Copyright
http://rightsstatements.org/page/InC/1.0/",Record,English
Andrew01,Andrew04,Andrew_Port.JPG,A portrait of Andrew Breyer,Andrew Breyer Portrait,,image/JPG,"De La Cerda, Edgar Debose, Deion Jiao, Larry Rigg, Scott Sutula, Oksana",10-01-2015,Yes,"single page, photograph",Andrew Breyer,,,,"Attribution-NonCommercial-ShareAlike 3.0 United States
http://creativecommons.org/licenses/by-nc-sa/3.0/us/
In Copyright
http://rightsstatements.org/page/InC/1.0/",image;Stillmage,English
Andrew02,Andrew04,Andrew_Card.JPG,A video game history card of Andrew Breyer,Andrew Breyer History Card,,image/JPG,"De La Cerda, Edgar Debose, Deion Jiao, Larry Rigg, Scott Sutula, Oksana",10-01-2015,Yes,"single page, photograph",Andrew Breyer,,,,"Attribution-NonCommercial-ShareAlike 3.0 United States
http://creativecommons.org/licenses/by-nc-sa/3.0/us/
In Copyright
http://rightsstatements.org/page/InC/1.0/",image;Stillmage,English
Andrew03,Andrew04,Andrew_Transcription.PDF,A transcription of the interview ,Andrew Interview Transcript,,application/PDF,"De La Cerda, Edgar Debose, Deion Jiao, Larry Rigg, Scott Sutula, Oksana",10-01-2015,Yes,Documentation,Transcript,,,,"Attribution-NonCommercial-ShareAlike 3.0 United States
http://creativecommons.org/licenses/by-nc-sa/3.0/us/
In Copyright
http://rightsstatements.org/page/InC/1.0/",project deliverable,English
Andrew04,,,This is a collection of Andrew Breyer,Andrew Breyer Collection,,compound_object,,,,,Andrew Breyer,,,,"Attribution-NonCommercial-ShareAlike 3.0 United States
http://creativecommons.org/licenses/by-nc-sa/3.0/us/
In Copyright
http://rightsstatements.org/page/InC/1.0/",Record,English
David01,David05,David_Bishop_Portrait.JPG,A portrait of David Bishop,David Bishop,,image/JPG,"Armas, Cesar Parnell, Tesoro Nguyen, Minh Scroggins, Colt",1-1-2015,Yes,"single page, photograph",David Bishop,"Schaumberg,IL",,,"Attribution-NonCommercial-ShareAlike 3.0 United States
http://creativecommons.org/licenses/by-nc-sa/3.0/us/
In Copyright
http://rightsstatements.org/page/InC/1.0/",image;Stillmage,English
David02,David05,David_Bishop_Portrait2.JPG,A portrait of David Bishop(Full Body),David Bishop(Full Body),,image/JPG,"Armas, Cesar Parnell, Tesoro Nguyen, Minh Scroggins, Colt",1-1-2015,Yes,"single page, photograph",David Bishop,"Schaumberg,IL",,,"Attribution-NonCommercial-ShareAlike 3.0 United States
http://creativecommons.org/licenses/by-nc-sa/3.0/us/
In Copyright
http://rightsstatements.org/page/InC/1.0/",image;Stillmage,English
David03,David05,David_Bishop_Interv.mp3,"Mr. David L. Bishop is the Vice President of Namco USA, and works at Level 257 in Schaumberg, Illinois. Growing up working in an arcade as a teen, he instantly fell in love with video games. Defender was the game that sparked his interest in the industry and from that point on the rest of his life would be intertwined with the coin-op industry. In college he studied as an electrical engineer, and was later hired by Atari. He then moved to Namco USA and worked his way up the ranks to Vice President. His role at Namco is exploring how to expand beyond home entertainment in the future, in order to create social and meaningful experiences between people and games. He strives to make playing games more accessible, not necessarily a “pay for play” anymore. This would change the term “coin-op” as the future holds a different form of payment. He believes that using gaming as an “element” in unison with other elements can create a much more meaningful and satisfying experience. Studio 257 is a modern style restaurant that encompasses his idea of using games as an element. It includes a full hall of games, but it also features HD televisions, open bars, bowling lanes, and family style sit downs. Games are not the center of attention here at Level 257. Instead, they serve as a compliment to the overall experience. In this way, Bishop paves the way for those who haven’t played video games in years to be able to enjoy them again. They do not feel like they’re forced, rather the games are there, and since the option presents itself, they are more likely inclined to add that to their experience. Mr. Bishop offers some very valuable insight into the coin-op industry and its change in culture, technology, and audience. In terms of culture, the past seemed to have demonstrated video games as poison to the youth. At one point in his life, Mr. Bishop was representing the coin-op chains of America. He, himself often felt like a “poster-child” growing up, since there were many active protest and lawsuits against violent video games. He notes that regardless of the bad publicity, it drove sales. Video game popularity skyrockets when it generates controversy. This is present in modern day games as well but not to such a large extent. Games gave gravitated towards more violence; however the response has never been more accepting. He stresses how games are an art form, and how they can be, and should be appreciated. They are an integral part of his life, and he hopes that they remain an integral part of everyone’s life moving forward.",Interview with David Bishop,,audio/MP3,"Armas, Cesar Parnell, Tesoro Nguyen, Minh Scroggins, Colt",1-1-2015,Yes,Interview,David Bishop,"Schaumberg,IL",,,"Attribution-NonCommercial-ShareAlike 3.0 United States
http://creativecommons.org/licenses/by-nc-sa/3.0/us/
In Copyright
http://rightsstatements.org/page/InC/1.0/",audio; Interview,English
David04,David05,David_Transcription.PDF,A transcription of the interview ,David Interview Transcript,,application/PDF,"Armas, Cesar Parnell, Tesoro Nguyen, Minh Scroggins, Colt",1-1-2015,Yes,Documentation,Transcript,"Schaumberg,IL",,,"Attribution-NonCommercial-ShareAlike 3.0 United States
http://creativecommons.org/licenses/by-nc-sa/3.0/us/
In Copyright
http://rightsstatements.org/page/InC/1.0/",project deliverable,English
David05,,,This is a collection of David Bishop,David Bishop Collection,,compound_object,"Armas, Cesar Parnell, Tesoro Nguyen, Minh Scroggins, Colt",,,,David Bishop,"Schaumberg,IL",,,"Attribution-NonCommercial-ShareAlike 3.0 United States
http://creativecommons.org/licenses/by-nc-sa/3.0/us/
In Copyright
http://rightsstatements.org/page/InC/1.0/",Record,English
Jason01,Jason07,Jason_Mugshot.JPG,"A ""mugshot"" of Jason camberis",Jason Camberis,,image/JPG,"Ochwat, Jacob Kupiec, Lukasz Hernandez, Yasmeen Zasadzki, Weronika Castaneda, Luis",12-09-2016,Yes,"single page, photograph",Jason Camberis,"Chicago,IL",,,"Attribution-NonCommercial-ShareAlike 3.0 United States
http://creativecommons.org/licenses/by-nc-sa/3.0/us/
In Copyright
http://rightsstatements.org/page/InC/1.0/",image;Stillmage,English
Jason02,Jason07,Huge_Arcade_Machine.JPG,A huge arcade machine,Huge Arcade Machine,,image/JPG,"Ochwat, Jacob Kupiec, Lukasz Hernandez, Yasmeen Zasadzki, Weronika Castaneda, Luis",12-09-2016,Yes,"single page, photograph",Machines,"Chicago,IL",,,"Attribution-NonCommercial-ShareAlike 3.0 United States
http://creativecommons.org/licenses/by-nc-sa/3.0/us/
In Copyright
http://rightsstatements.org/page/InC/1.0/",image;Stillmage,English
Jason03,Jason07,Jason_Arcade_Machine.JPG,A arcade machine that has a relation with Jason,Arcade Machine,,image/JPG,"Ochwat, Jacob Kupiec, Lukasz Hernandez, Yasmeen Zasadzki, Weronika Castaneda, Luis",12-09-2016,Yes,"single page, photograph",Machines,"Chicago,IL",,,"Attribution-NonCommercial-ShareAlike 3.0 United States
http://creativecommons.org/licenses/by-nc-sa/3.0/us/
In Copyright
http://rightsstatements.org/page/InC/1.0/",image;Stillmage,English
Jason04,Jason07,Full_Size_Record.JPG,A signed photo of the world record for the biggest arcade machine,Jason's World record,,image/JPG,"Ochwat, Jacob Kupiec, Lukasz Hernandez, Yasmeen Zasadzki, Weronika Castaneda, Luis",12-09-2016,Yes,"single page, photograph",Machines,"Chicago,IL",,,"Attribution-NonCommercial-ShareAlike 3.0 United States
http://creativecommons.org/licenses/by-nc-sa/3.0/us/
In Copyright
http://rightsstatements.org/page/InC/1.0/",image;Stillmage,English
Jason05,Jason07,Jason_Camberis_Interview.mp3,"At a young age, Jason Camberis was always intrigued by Video games. He would go to his local corner store just to play on the arcade that the store provided. One thing that he remembered from that childhood experience was that the cabinet was rather large for his small stature. Using that as a form of motivation, years later he pursues a project that would later win him a Guinness World Record for the largest Arcade machine cabinet ever created. Gaming was a big part of his life growing up and he found this hobby rather addicting. He described himself as a hands-on type of guy who would teach himself rather than have someone else teach him. One game that he described as his favorite was the sea devil submarine game that was in his local 7- Eleven. He described himself at the time very short and having to reach for the joystick to even can play the game. At an astounding 14 feet tall and 6 feet wide, the Largest Arcade Machine Produced, or what Jason just likes to call LAMP, can play a variety of games ranging from classic arcade games, Xbox games, PlayStation games, and even PC Games. The LAMP took approximately 2 years for him to complete. His motivation for building the biggest arcade ever came from seeing the previous record and believing that he could do better. His mindset was always an optimistic and innovative. He believes that there is always a best way to do something and that even better ways will come. Jason’s hobby fortunately for him turned into his career. Jason’s goal for designing the largest arcade machine was to make everyone feel like a kid again and be in equal terms. For everyone to remember when they were younger and they had to reach to be able to move the joy stick and press the buttons on the cabinet. He also wanted people to come together and play. With all the negative news that he had been seeing in the passing years he wanted to make something that would make the people smile again. Currently Jason is creating home arcade systems while also enjoying other jobs such as working on houses, working on cars, working on computers. He also works with security systems and cameras. All around well rounded in anything technology related.",Interview with Jason Camberis,,audio/MP3,"Ochwat, Jacob Kupiec, Lukasz Hernandez, Yasmeen Zasadzki, Weronika Castaneda, Luis",12-09-2016,Yes,Interview,Jason Camberis,"Chicago,IL",,,"Attribution-NonCommercial-ShareAlike 3.0 United States
http://creativecommons.org/licenses/by-nc-sa/3.0/us/
In Copyright
http://rightsstatements.org/page/InC/1.0/",audio; Interview,English
Jason06,Jason07,Jason_Camberis_Transcription.PDF,A transcription of the interview ,Jason Interview Transcript,,application/PDF,"Ochwat, Jacob Kupiec, Lukasz Hernandez, Yasmeen Zasadzki, Weronika Castaneda, Luis",12-09-2016,Yes,Documentation,Transcript,"Chicago,IL",,,"Attribution-NonCommercial-ShareAlike 3.0 United States
http://creativecommons.org/licenses/by-nc-sa/3.0/us/
In Copyright
http://rightsstatements.org/page/InC/1.0/",project deliverable,English
Jason07,,,This is a collection of Jason Camberris,Jason Camberis Collection,,compound_object,"Ochwat, Jacob Kupiec, Lukasz Hernandez, Yasmeen Zasadzki, Weronika Castaneda, Luis",,,,Jason Camberis,"Chicago,IL",,,"Attribution-NonCommercial-ShareAlike 3.0 United States
http://creativecommons.org/licenses/by-nc-sa/3.0/us/
In Copyright
http://rightsstatements.org/page/InC/1.0/",Record,English
Jessica01,Jessica07,Jessica_Kent_Portrait.JPG,A portrait of Jesscia Kent with a pinball machine,Jessica Kent Potrait 1,,image/JPG,"Wojtowicz, Daniel Vadakumchery, Tony Polk, Tamia Toppel, Dennis",10-01-2015,Yes,"single page, photograph",Jessica Kent,"Chicago,IL",,,"Attribution-NonCommercial-ShareAlike 3.0 United States
http://creativecommons.org/licenses/by-nc-sa/3.0/us/
In Copyright
http://rightsstatements.org/page/InC/1.0/",image;Stillmage,English
Jessica02,Jessica07,Jessica_Kent_Portrait2.JPG,A portrait of Jesscia Kent with a pinball machine,Jessica Kent Potrait 2,,image/JPG,"Wojtowicz, Daniel Vadakumchery, Tony Polk, Tamia Toppel, Dennis",10-01-2015,Yes,"single page, photograph",Jessica Kent,"Chicago,IL",,,"Attribution-NonCommercial-ShareAlike 3.0 United States
http://creativecommons.org/licenses/by-nc-sa/3.0/us/
In Copyright
http://rightsstatements.org/page/InC/1.0/",image;Stillmage,English
Jessica03,Jessica07,Jessica_Kent_Portrait3.JPG,A portrait of Jesscia Kent with a pinball machine,Jessica Kent Potrait 3,,image/JPG,"Wojtowicz, Daniel Vadakumchery, Tony Polk, Tamia Toppel, Dennis",10-01-2015,Yes,"single page, photograph",Jessica Kent,"Chicago,IL",,,"Attribution-NonCommercial-ShareAlike 3.0 United States
http://creativecommons.org/licenses/by-nc-sa/3.0/us/
In Copyright
http://rightsstatements.org/page/InC/1.0/",image;Stillmage,English
Jessica04,Jessica07,Logan_Hardware_Outside.JPG,Outside sign of Logan Hardware,Logan Hardware building sign,,image/JPG,"Wojtowicz, Daniel Vadakumchery, Tony Polk, Tamia Toppel, Dennis",10-01-2015,Yes,"single page, photograph",Building,"Chicago,IL",,,"Attribution-NonCommercial-ShareAlike 3.0 United States
http://creativecommons.org/licenses/by-nc-sa/3.0/us/
In Copyright
http://rightsstatements.org/page/InC/1.0/",image;Stillmage,English
Jessica05,Jessica07,Jessica_Kent_Interview.mp3,"Before video games were invented, people initially played coin-op games like skeeball. The most prominent coin-op game was pinball, and its appeal endures to this day. However, the arcade and coin-op scene, including pinball, has a relative lack of women players. This is why Jessica Kent, one of the founders of Down to Flip, has such an interesting story. Her push for diversity and encouragement for female players is making significant changes to the pinball and coin-op community, and her work will continue to make these changes. Jessica Kent is the creator of the Down to Flip pinball group, an all women pinball group. Down to Flip started as a Facebook page but has now grown into a group with over 100 members, and over twenty-five active pinball players. Her inspiration for the group came from observing women groups like LA Bell and Chimes in Los Angeles. From a young age, she was involved in the arcade scene, and she rediscovered her love for arcade gaming during college. Jessica has been an avid gamer for most of her life; before rediscovering her love of arcade games and coin-op games, she was a big at-home gamer. She started playing pinball regularly about two-and-a-half years ago, initially on a laundry room pinball table. She prefers the feel of real life tables over digital ones due to her love of other hands-on arcade games like skeeball. Currently, Jessica plays pinball one night a week, but she travels extensively checking out different arcades and other places with coin-op games. Jessica has done a substantial amount of research on pinball and arcade games. Currently, her favorite pinball table is Attack from Mars. Her favorite arcade is Logan Arcade, and her Down to Flip meetings take place there. Jessica’s favorite parts of pinball is that she can track her progress regularly, the randomness of the game, competing against her personal best scores, and the level of hand-eye coordination required. Additionally, Jessica gets a sense of nostalgia from playing pinball and other arcade games. One of Jessica’s goals for Down To Flip is to promote pinball and arcade games to the younger generation and others who aren’t big gamers themselves. She also feels that Down to Flip as a group promotes pinball and coin-op games to people of all backgrounds, especially women, and wishes to use the reach of the group and her own interests to promote causes she believes in to others. Down to Flip and pinball ties into coin-op and video gaming as a whole since it shows a revival in the coin-op and arcade scene that is especially prominent amongst young adult in their twenties and thirties. Recently, numerous arcades and bars such as Galloping Ghost, Logan Arcade, Headquarters, and Level 257 have opened up and are thriving. Coin-op and arcade gaming can be considered to be the true beginning of the gaming community, and these sort of games have been around since the 1930s. However, in the subculture, there has been a relatively lack in diversity; female players were not very prominent, for instance. Jessica Kent’s group Down to Flip encourages greater player diversity by promoting pinball and arcade gaming for women and attempts to encourage younger children of all sexes and demographics to play pinball and other arcade games, thus promoting a more diverse and varied pinball and gaming community. During the interview, Jessica mentions one interaction in the pinball community where she was competing and one of the male pinball players ridiculed female pinball players. According to Jessica, upon getting a very good high score, the person ridiculing her stopped his actions. Groups and people like this break the stereotypes of gamers, and allow females and minorities as a whole to gain equal respect and opportunity. ",Interview with Jessica Kent,,audio/MP3,"Wojtowicz, Daniel Vadakumchery, Tony Polk, Tamia Toppel, Dennis",10-01-2015,Yes,Interview,Jessica Kent,"Chicago,IL",,,"Attribution-NonCommercial-ShareAlike 3.0 United States
http://creativecommons.org/licenses/by-nc-sa/3.0/us/
In Copyright
http://rightsstatements.org/page/InC/1.0/",audio; Interview,English
Jessica06,Jessica07,Jessica_Kent_Transcription.PDF,A transcription of the interview ,Jessica Transcription of Interview,,application/PDF,"Wojtowicz, Daniel Vadakumchery, Tony Polk, Tamia Toppel, Dennis",10-01-2015,Yes,Documentation,Transcrip,"Chicago,IL",,,"Attribution-NonCommercial-ShareAlike 3.0 United States
http://creativecommons.org/licenses/by-nc-sa/3.0/us/
In Copyright
http://rightsstatements.org/page/InC/1.0/",project deliverable,English
Jessica07,,,This is a collection of Jessica Kent,Jessica Kent Collection,,compound_object,"Wojtowicz, Daniel Vadakumchery, Tony Polk, Tamia Toppel, Dennis",,,,Jessica Kent,"Chicago,IL",,,"Attribution-NonCommercial-ShareAlike 3.0 United States
http://creativecommons.org/licenses/by-nc-sa/3.0/us/
In Copyright
http://rightsstatements.org/page/InC/1.0/",Record,English
Josh01,Josh03,Josh_Tsui_Interview.mp3,"Josh Tsui is the president and co-founder of Robomodo, a video game development studio in Chicago focused on producing quality games for the Xbox and PlayStation console platforms. His passion for video games began when his older brothers introduced him to the arcades they managed in California; they would leave him to play with a stack of tokens as a way to keep him out of trouble. Through this experience, he developed a fondness for the open and friendly arcade atmosphere, as well as the arcade cabinets, which were optimized for the game inside. Tsui got his formal education studying film at Columbia College in Chicago, and became a regular occupant of the computer graphics lab. Once he graduated, he began working at Northwestern in research, at which point a friend at Midway recommended him to the hiring team for his skills in digitizing people’s movements. After a drawn-out interview process as the company tried to figure out how Tsui would fit into the corporate structure, he started work at Midway in 1993, the day after he returned from his honeymoon. The first game he worked on was WWF WrestleMania The Arcade Game, for which they scheduled regular recording sessions with wrestling legends like Bret Hart. He later joined the Mortal Kombat development team, and worked on a few of the Mortal Kombat sequels. He appeared in-game as Sub-Zero in an ending cutscene of Mortal Kombat 2, and Liu Kang in Mortal Kombat 4. His image was also used as a playable character in NBA Jam TE. Seeking new challenges and opportunities outside of a more structured corporate environment, Tsui and few of his colleagues left Midway in 1999 to found a new game development studio called Studio Gigante. They worked on games such as Tao Feng: Fist of the Lotus and WrestleMania 21. After Studio Gigante closed its doors in 2005 due to the waning popularity of the XBox and PS2 just before their successors were released, Tsui joined EA Chicago for two years before it was shut down during the financial crisis from 2007-2008. At this point, Tsui called up many of his former colleagues from EA Chicago, Midway, and Studio Gigante to create another independent studio called Robomodo in 2008. Since, they have made games for Activision such as Tony Hawk Ride, Tony Hawk Shred and Tony Hawk’s Pro Skater HD. Tsui’s role in this studio is focused on managing and being available as a mentor for his teams at Robomodo. Tsui’s current project is a documentary called Insert Coin, which tells the stories of many of the giants in the video game development industry in the 90’s. He feels this brings his career full circle in many ways, as he finally gets to make his own film about an industry that he was an integral part of. They are currently in the process of finishing up the main interviews, and moving into the production stage.",Interview with Josh Tsui,,audio/MP3,"Brazauskas, A.d. Hunt, Zulema Affenit, Rachel Ma, Xun",11-14-2016,No,Interview,Josh Tsui,"Chicago,IL",,,"Attribution-NonCommercial-ShareAlike 3.0 United States
http://creativecommons.org/licenses/by-nc-sa/3.0/us/
In Copyright
http://rightsstatements.org/page/InC/1.0/",audio; Interview,English
Josh02,Josh03,Josh_Tsui_Transcription.PDF,A transcription of the interview ,Josh Transcription of Interview,,application/PDF,"Brazauskas, A.d. Hunt, Zulema Affenit, Rachel Ma, Xun",11-14-2016,No,Documentation,Transcript,"Chicago,IL",,,"Attribution-NonCommercial-ShareAlike 3.0 United States
http://creativecommons.org/licenses/by-nc-sa/3.0/us/
In Copyright
http://rightsstatements.org/page/InC/1.0/",project deliverable,English
Josh03,,,This is a collection of Josh Tsui,Josh Tsui Collection,,,"Brazauskas, A.d. Hunt, Zulema Affenit, Rachel Ma, Xun",,,,Josh Tsui,"Chicago,IL",,,"Attribution-NonCommercial-ShareAlike 3.0 United States
http://creativecommons.org/licenses/by-nc-sa/3.0/us/
In Copyright
http://rightsstatements.org/page/InC/1.0/",Record,English
Rob01,Rob06,Rob_Lach_Portrait.JPG,A portrait of Rob Lach,Rob Lach Portrait 1,,image/JPG,"Sansone, Brandon Sobel, David Bochnak, Julianna Kaegebein, Jon Williams, Evan",10/10/2015-10/12/2015,Yes,"single page, photograph",Rob Lach,"Chicago,IL",,,"Attribution-NonCommercial-ShareAlike 3.0 United States
http://creativecommons.org/licenses/by-nc-sa/3.0/us/
In Copyright
http://rightsstatements.org/page/InC/1.0/",image;Stillmage,English
Rob02,Rob06,Rob_Lach_Portrait2.JPG,A portrait of Rob Lach,Rob Lach Portrait 2,,image/JPG,"Sansone, Brandon Sobel, David Bochnak, Julianna Kaegebein, Jon Williams, Evan",10/10/2015-10/12/2015,Yes,"single page, photograph",Rob Lach,"Chicago,IL",,,"Attribution-NonCommercial-ShareAlike 3.0 United States
http://creativecommons.org/licenses/by-nc-sa/3.0/us/
In Copyright
http://rightsstatements.org/page/InC/1.0/",image;Stillmage,English
Rob03,Rob06,Rob_Lach_Killer.JPG,Rob Lach playing Killer Queen,Rob playing Killer Queen,,image/JPG,"Sansone, Brandon Sobel, David Bochnak, Julianna Kaegebein, Jon Williams, Evan",10/10/2015-10/12/2015,Yes,"single page, photograph",Rob Lach,"Chicago,IL",,,"Attribution-NonCommercial-ShareAlike 3.0 United States
http://creativecommons.org/licenses/by-nc-sa/3.0/us/
In Copyright
http://rightsstatements.org/page/InC/1.0/",image;Stillmage,English
Rob04,Rob06,Rob_Lach_Interview.mp3,Interview with Rob Lach,Interview with Rob Lach,,audio/MP3,"Sansone, Brandon Sobel, David Bochnak, Julianna Kaegebein, Jon Williams, Evan",10/10/2015-10/12/2015,Yes,Interview,Rob Lach,"Chicago,IL",,,"Attribution-NonCommercial-ShareAlike 3.0 United States
http://creativecommons.org/licenses/by-nc-sa/3.0/us/
In Copyright
http://rightsstatements.org/page/InC/1.0/",audio; Interview,English
Rob05,Rob06,Rob_Lach_Transcription.PDF,A transcription of the interview ,Rob Interview Transcript,,application/PDF,"Sansone, Brandon Sobel, David Bochnak, Julianna Kaegebein, Jon Williams, Evan",10/10/2015-10/12/2015,Yes,Documentation,Transcrip,"Chicago,IL",,,"Attribution-NonCommercial-ShareAlike 3.0 United States
http://creativecommons.org/licenses/by-nc-sa/3.0/us/
In Copyright
http://rightsstatements.org/page/InC/1.0/",project deliverable,English
Rob06,,,This is a collection of Rob Lach,Rob Lach Collection,,compound_object,"Sansone, Brandon Sobel, David Bochnak, Julianna Kaegebein, Jon Williams, Evan",,,,Rob Lach,"Chicago,IL",,,"Attribution-NonCommercial-ShareAlike 3.0 United States
http://creativecommons.org/licenses/by-nc-sa/3.0/us/
In Copyright
http://rightsstatements.org/page/InC/1.0/",Record,English
Sheri01,Sheri07,Sheri_Rubin_Portrait1.JPG,Portrait of Sheri Rubin,Sheri Rubin Portrait 1,,image/JPG,"Dammeier, Cole Riley, Chris Aynessazian, Jacob Zaveri, Raj Ludwig, Wes",11/21/2016-12/09/2016,Yes,"single page, photograph",Sheri Rubin,"Chicago,IL",,,"Attribution-NonCommercial-ShareAlike 3.0 United States
http://creativecommons.org/licenses/by-nc-sa/3.0/us/
In Copyright
http://rightsstatements.org/page/InC/1.0/",image;Stillmage,English
Sheri02,Sheri07,Sheri_Rubin_Portrait2.JPG,Portrait of Sheri Rubin,Sheri Rubin Portrait 2,,image/JPG,"Dammeier, Cole Riley, Chris Aynessazian, Jacob Zaveri, Raj Ludwig, Wes",11/21/2016-12/09/2016,Yes,"single page, photograph",Sheri Rubin,"Chicago,IL",,,"Attribution-NonCommercial-ShareAlike 3.0 United States
http://creativecommons.org/licenses/by-nc-sa/3.0/us/
In Copyright
http://rightsstatements.org/page/InC/1.0/",image;Stillmage,English
Sheri03,Sheri07,Sheri_Rubin_Portrait3.JPG,Portrait of Sheri Rubin,Sheri Rubin Portrait 3,,image/JPG,"Dammeier, Cole Riley, Chris Aynessazian, Jacob Zaveri, Raj Ludwig, Wes",11/21/2016-12/09/2016,Yes,"single page, photograph",Sheri Rubin,"Chicago,IL",,,"Attribution-NonCommercial-ShareAlike 3.0 United States
http://creativecommons.org/licenses/by-nc-sa/3.0/us/
In Copyright
http://rightsstatements.org/page/InC/1.0/",image;Stillmage,English
Sheri04,Sheri07,Sheri_Rubin_Portrait4.JPG,Portrait of Sheri Rubin,Sheri Rubin Portrait 4,,image/JPG,"Dammeier, Cole Riley, Chris Aynessazian, Jacob Zaveri, Raj Ludwig, Wes",11/21/2016-12/09/2016,Yes,"single page, photograph",Sheri Rubin,"Chicago,IL",,,"Attribution-NonCommercial-ShareAlike 3.0 United States
http://creativecommons.org/licenses/by-nc-sa/3.0/us/
In Copyright
http://rightsstatements.org/page/InC/1.0/",image;Stillmage,English
Sheri05,Sheri07,Sheri_Rubin_Interview.mp3,"Sheri Rubin was a quality assurance tester for Intelligent Technologies. As a tester, she would play the games for hours searching for odd glitches and such. She played a major role in the development of some of the biggest games from the company, such as Big Buck Hunter and Golden Tee series. She got into the industry through volunteering at a card game company. Using this experience, she became interested in her friend’s work at Incredible Technologies. After finding a few flaws, her friend started asking her to try specific things. After a time, she was hired by the company as a quality assurance tester. She was eventually promoted to product support administrator, which included running the online tournament and managing the quality assurance testers. She later worked for High Voltage Software, where she helped develop and design games. She then started her own company, Design Direct Deliver. The company helps people with job searching and personal branding. She is still very active in the video game industry, spending time helping other game developers and volunteering for many organizations. She has been a member of the International Game Designer Association since 1999. She has been secretary in the past and was a board member from 2012 to 2014. She uses her status in the industry to support women in the field by leading special interest groups, or SIGs, such as Women in Games. She has spoken many times at Girls Who Code, a group that introduces women to computer coding. Additionally, she has volunteered for the American Red Cross and Girl Scouts. Sheri Rubin hopes that in the future, game developers learn to respect the coin-op industry, and learn from the mistakes she made. She feels that, too often, developers make the same mistakes others have made in the past. She also wants to inspire a new generation of game developers who continue making games. She wants to see more diversity in the video game industry, and works hard to make women accepted in the industry.",Interview with Sheri Rubin,,audio/MP3,"Dammeier, Cole Riley, Chris Aynessazian, Jacob Zaveri, Raj Ludwig, Wes",11/21/2016-12/09/2016,Yes,Interview,Sheri Rubin,"Chicago,IL",,,"Attribution-NonCommercial-ShareAlike 3.0 United States
http://creativecommons.org/licenses/by-nc-sa/3.0/us/
In Copyright
http://rightsstatements.org/page/InC/1.0/",audio; Interview,English
Sheri06,Sheri07,Sheri_Rubin_Transcription.PDF,A transcription of the interview ,Sheri Interview Transcript,,application/PDF,"Dammeier, Cole Riley, Chris Aynessazian, Jacob Zaveri, Raj Ludwig, Wes",11/21/2016-12/09/2016,Yes,Documentation,Transcript,"Chicago,IL",,,"Attribution-NonCommercial-ShareAlike 3.0 United States
http://creativecommons.org/licenses/by-nc-sa/3.0/us/
In Copyright
http://rightsstatements.org/page/InC/1.0/",project deliverable,English
Sheri07,,,This is a collection of Sheri Rubin,Sheri Rubin Collection,,compound_object,"Dammeier, Cole Riley, Chris Aynessazian, Jacob Zaveri, Raj Ludwig, Wes",,,,Sheri Rubin,"Chicago,IL",,,"Attribution-NonCommercial-ShareAlike 3.0 United States
http://creativecommons.org/licenses/by-nc-sa/3.0/us/
In Copyright
http://rightsstatements.org/page/InC/1.0/",Record,English
TerryJeff01,TerryJeff11,Terry_Portrait.JPG,Portrait of Terry Minnich (Trickman),Terry Minnich Portrait,,image/JPG,"Mynes, Jordan Torres, Fulgencio Nunez, Sylvia Badasyan, Zhanna Wohn, Jared",10/13/2015,Yes,"single page, photograph",Terry Minnich,"Chicago,IL",,,"Attribution-NonCommercial-ShareAlike 3.0 United States
http://creativecommons.org/licenses/by-nc-sa/3.0/us/
In Copyright
http://rightsstatements.org/page/InC/1.0/",image;Stillmage,English
TerryJeff02,TerryJeff11,Jeff_Portrait.JPG,Portrait of Jeff Lee,Jeff Lee Portrait,,image/JPG,"Mynes, Jordan Torres, Fulgencio Nunez, Sylvia Badasyan, Zhanna Wohn, Jared",10/13/2015,Yes,"single page, photograph",Jeff Lee,"Chicago,IL",,,"Attribution-NonCommercial-ShareAlike 3.0 United States
http://creativecommons.org/licenses/by-nc-sa/3.0/us/
In Copyright
http://rightsstatements.org/page/InC/1.0/",image;Stillmage,English
TerryJeff03,TerryJeff11,Arcade_Machine.JPG,Terry's arcade machine collection,Arcade Machine,,image/JPG,"Mynes, Jordan Torres, Fulgencio Nunez, Sylvia Badasyan, Zhanna Wohn, Jared",10/13/2015,Yes,"single page, photograph",Terry & Jeff,"Chicago,IL",,,"Attribution-NonCommercial-ShareAlike 3.0 United States
http://creativecommons.org/licenses/by-nc-sa/3.0/us/
In Copyright
http://rightsstatements.org/page/InC/1.0/",image;Stillmage,English
TerryJeff04,TerryJeff11,Arcade_Machine2.JPG,Terry's arcade machine collection,Arcade Machine,,image/JPG,"Mynes, Jordan Torres, Fulgencio Nunez, Sylvia Badasyan, Zhanna Wohn, Jared",10/13/2015,Yes,"single page, photograph",Terry & Jeff,"Chicago,IL",,,"Attribution-NonCommercial-ShareAlike 3.0 United States
http://creativecommons.org/licenses/by-nc-sa/3.0/us/
In Copyright
http://rightsstatements.org/page/InC/1.0/",image;Stillmage,English
TerryJeff05,TerryJeff11,Arcade_Stick.JPG,A arcade fighting stick controller,Fighting Stick Controller,,image/JPG,"Mynes, Jordan Torres, Fulgencio Nunez, Sylvia Badasyan, Zhanna Wohn, Jared",10/13/2015,Yes,"single page, photograph",Terry & Jeff,"Chicago,IL",,,"Attribution-NonCommercial-ShareAlike 3.0 United States
http://creativecommons.org/licenses/by-nc-sa/3.0/us/
In Copyright
http://rightsstatements.org/page/InC/1.0/",image;Stillmage,English
TerryJeff06,TerryJeff11,Button_Pad.JPG,A button pad to an arcade machine,Button Pad Controller,,image/JPG,"Mynes, Jordan Torres, Fulgencio Nunez, Sylvia Badasyan, Zhanna Wohn, Jared",10/13/2015,Yes,"single page, photograph",Terry & Jeff,"Chicago,IL",,,"Attribution-NonCommercial-ShareAlike 3.0 United States
http://creativecommons.org/licenses/by-nc-sa/3.0/us/
In Copyright
http://rightsstatements.org/page/InC/1.0/",image;Stillmage,English
TerryJeff07,TerryJeff11,Conkers_Mug.JPG,A mug with a video game title decal,Conker's Bad Fur Day Mug,,image/JPG,"Mynes, Jordan Torres, Fulgencio Nunez, Sylvia Badasyan, Zhanna Wohn, Jared",10/13/2015,Yes,"single page, photograph",Terry & Jeff,"Chicago,IL",,,"Attribution-NonCommercial-ShareAlike 3.0 United States
http://creativecommons.org/licenses/by-nc-sa/3.0/us/
In Copyright
http://rightsstatements.org/page/InC/1.0/",image;Stillmage,English
TerryJeff08,TerryJeff11,SEGA_Drink.JPG,A SEGA sonic drink,Sonic Drink,,image/JPG,"Mynes, Jordan Torres, Fulgencio Nunez, Sylvia Badasyan, Zhanna Wohn, Jared",10/13/2015,Yes,"single page, photograph",Terry & Jeff,"Chicago,IL",,,"Attribution-NonCommercial-ShareAlike 3.0 United States
http://creativecommons.org/licenses/by-nc-sa/3.0/us/
In Copyright
http://rightsstatements.org/page/InC/1.0/",image;Stillmage,English
TerryJeff09,TerryJeff11,Terry_Trickman_And_Jeff_Lee_Interview.mp3,"For our oral history project, we interviewed Jeff Lee, and Terry Minnich who is also known as Trickman Terry. Jeff Lee was an artist that made artwork for Q​­Bert, Exterminator,​ and as well as other freelancing work. Terry Minnich was an editor for a magazine called Electronic Gaming Monthly Magazine where he was an editor for the T​ips and Tricks s​ection where he would review tricks submitted from fans and publish them in EGM. Terry had a fairly large collection of arcade games in his basement which is where the interview took place. Both of these men were passionate about their job and were very knowledgeable in the video game industry. Terry Minnich worked many years as an editor for EGM, specifically the T​ricks and Tips section. He would receive letters from fans, receive information overseas from Japan, or play the games himself with his team to try to obtain tricks, cheats, glitches or bugs, and other information needed to make the games more enjoyable. Terry was also an avid collector who obtained and maintained a collection of arcade machines in his basement and was well informed in the hardware aspect of the history. Jeff Lee, the second person interviewed, was an artist who was a fan of video games, specifically at the bar scene where he would enjoy a few drinks along with playing P​inball o​r Armour Attack b​efore he got into the game industry in a more serious manner. He coincidently began working at G​ottlieb and Co.​as an artist where he made the artwork for Q​­bert​1, 2, and 3. Then him and a fellow partner from Q​­bert​were contracted to do some artistry work on a few games like E​xterminator. A​fter he finished his artwork for Q​­Bert, h​e did some freelancing, and did some art and design work for the games D​ouble Gs​and​Lotto Fun a​s well as another piece for the company​Credible Technologies. Terry Minnich, as part of his job as an editor, knew a lot about the Konami Code, which is a special combination of buttons the player can hit which will enable special abilities or extra lives. He mentioned the Konami Code as one of the first major cheat codes as it was used in many games such as G​radius, Contra, Dance Dance Revolution,​and other games. The Konami code was interesting to look at because it is something about the history that you can not find by looking at the game itself; you have to talk to the players and fans of the games to learn about. Jeff Lee was a major designer of Q*bert,a puzzle game where players had to make each color of a block on a pyramid the same color. This game was hugely popular and is considered to be a classic from its time period. Lee had significant contributions on the project including character design, using the pyramid shape as a game, and the “@​!#?@!” that the playable character would say in speech bubble. Minnich and Lee both had major impacts in the first generation of video games however from different positions. Lee was a creator and was part of the first hand industry while Minnich was part of the second hand industry that helped publicize the games and create the community of gamers that is around today. It is interesting to look at the multiple levels of the video game industry as there are many aspects to it like designing, manufacturing, retailing, the media scene, and the competition aspect.",Interview with Terry Minnich and Jeff Lee,,audio/MP3,"Mynes, Jordan Torres, Fulgencio Nunez, Sylvia Badasyan, Zhanna Wohn, Jared",10/13/2015,Yes,Interview,Terry Minnich & Jeff lee,"Chicago,IL",,,"Attribution-NonCommercial-ShareAlike 3.0 United States
http://creativecommons.org/licenses/by-nc-sa/3.0/us/
In Copyright
http://rightsstatements.org/page/InC/1.0/",audio; Interview,English
TerryJeff10,TerryJeff11,Terry_And_Jeff_Transcription.PDF,A transcription of the interview ,Terry & Jeff Interview Transcript,,application/PDF,"Mynes, Jordan Torres, Fulgencio Nunez, Sylvia Badasyan, Zhanna Wohn, Jared",10/13/2015,Yes,Documentation,Transcript,"Chicago,IL",,,"Attribution-NonCommercial-ShareAlike 3.0 United States
http://creativecommons.org/licenses/by-nc-sa/3.0/us/
In Copyright
http://rightsstatements.org/page/InC/1.0/",project deliverable,English
TerryJeff11,,,This is a collection of Terry and Jeff,Terry Minnich & Jeff Lee Collection,,compound_object,"Mynes, Jordan Torres, Fulgencio Nunez, Sylvia Badasyan, Zhanna Wohn, Jared",,,,Terry & Jeff,"Chicago,IL",,,"Attribution-NonCommercial-ShareAlike 3.0 United States
http://creativecommons.org/licenses/by-nc-sa/3.0/us/
In Copyright
http://rightsstatements.org/page/InC/1.0/",Record,English
Chris01,Chris64,Chris_Shop.JPG,A look into Windy Gaming's repair/store,Arcade machine parts,,image/JPG,"Mcnamar, Sydney Hernandez, Christopher Nguyen, Michael Takiddeen, Yasser Garcia, Jonathan",10/02/2015,Yes,"single page, photograph",Windy Gaming,"Chicago,IL",,,"Attribution-NonCommercial-ShareAlike 3.0 United States
http://creativecommons.org/licenses/by-nc-sa/3.0/us/
In Copyright
http://rightsstatements.org/page/InC/1.0/",image;Stillmage,English
Chris02,Chris64,Chris_Shop2.JPG,A look into Windy Gaming's repair/store,Playstation 1 Console,,image/JPG,"Mcnamar, Sydney Hernandez, Christopher Nguyen, Michael Takiddeen, Yasser Garcia, Jonathan",10/02/2015,Yes,"single page, photograph",Windy Gaming,"Chicago,IL",,,"Attribution-NonCommercial-ShareAlike 3.0 United States
http://creativecommons.org/licenses/by-nc-sa/3.0/us/
In Copyright
http://rightsstatements.org/page/InC/1.0/",image;Stillmage,English
Chris03,Chris64,Chris_Shop3.JPG,A look into Windy Gaming's repair/store,Workbench,,image/JPG,"Mcnamar, Sydney Hernandez, Christopher Nguyen, Michael Takiddeen, Yasser Garcia, Jonathan",10/02/2015,Yes,"single page, photograph",Windy Gaming,"Chicago,IL",,,"Attribution-NonCommercial-ShareAlike 3.0 United States
http://creativecommons.org/licenses/by-nc-sa/3.0/us/
In Copyright
http://rightsstatements.org/page/InC/1.0/",image;Stillmage,English
Chris04,Chris64,Chris_Shop4.JPG,A look into Windy Gaming's repair/store,Storage,,image/JPG,"Mcnamar, Sydney Hernandez, Christopher Nguyen, Michael Takiddeen, Yasser Garcia, Jonathan",10/02/2015,Yes,"single page, photograph",Windy Gaming,"Chicago,IL",,,"Attribution-NonCommercial-ShareAlike 3.0 United States
http://creativecommons.org/licenses/by-nc-sa/3.0/us/
In Copyright
http://rightsstatements.org/page/InC/1.0/",image;Stillmage,English
Chris05,Chris64,Chris_Shop5.JPG,A look into Windy Gaming's repair/store,Storage,,image/JPG,"Mcnamar, Sydney Hernandez, Christopher Nguyen, Michael Takiddeen, Yasser Garcia, Jonathan",10/02/2015,Yes,"single page, photograph",Windy Gaming,"Chicago,IL",,,"Attribution-NonCommercial-ShareAlike 3.0 United States
http://creativecommons.org/licenses/by-nc-sa/3.0/us/
In Copyright
http://rightsstatements.org/page/InC/1.0/",image;Stillmage,English
Chris06,Chris64,Chris_Shop6.JPG,A look into Windy Gaming's repair/store,Video Game Toy,,image/JPG,"Mcnamar, Sydney Hernandez, Christopher Nguyen, Michael Takiddeen, Yasser Garcia, Jonathan",10/02/2015,Yes,"single page, photograph",Windy Gaming,"Chicago,IL",,,"Attribution-NonCommercial-ShareAlike 3.0 United States
http://creativecommons.org/licenses/by-nc-sa/3.0/us/
In Copyright
http://rightsstatements.org/page/InC/1.0/",image;Stillmage,English
Chris07,Chris64,Chris_Shop7.JPG,A look into Windy Gaming's repair/store,Video Game Poster,,image/JPG,"Mcnamar, Sydney Hernandez, Christopher Nguyen, Michael Takiddeen, Yasser Garcia, Jonathan",10/02/2015,Yes,"single page, photograph",Windy Gaming,"Chicago,IL",,,"Attribution-NonCommercial-ShareAlike 3.0 United States
http://creativecommons.org/licenses/by-nc-sa/3.0/us/
In Copyright
http://rightsstatements.org/page/InC/1.0/",image;Stillmage,English
Chris08,Chris64,Chris_Shop8.JPG,A look into Windy Gaming's repair/store,Arcade machine parts,,image/JPG,"Mcnamar, Sydney Hernandez, Christopher Nguyen, Michael Takiddeen, Yasser Garcia, Jonathan",10/02/2015,Yes,"single page, photograph",Windy Gaming,"Chicago,IL",,,"Attribution-NonCommercial-ShareAlike 3.0 United States
http://creativecommons.org/licenses/by-nc-sa/3.0/us/
In Copyright
http://rightsstatements.org/page/InC/1.0/",image;Stillmage,English
Chris09,Chris64,Chris_Shop9.JPG,A look into Windy Gaming's repair/store,Arcade machine parts,,image/JPG,"Mcnamar, Sydney Hernandez, Christopher Nguyen, Michael Takiddeen, Yasser Garcia, Jonathan",10/02/2015,Yes,"single page, photograph",Windy Gaming,"Chicago,IL",,,"Attribution-NonCommercial-ShareAlike 3.0 United States
http://creativecommons.org/licenses/by-nc-sa/3.0/us/
In Copyright
http://rightsstatements.org/page/InC/1.0/",image;Stillmage,English
Chris10,Chris64,Chris_Shop10.JPG,A look into Windy Gaming's repair/store,Arcade machine parts,,image/JPG,"Mcnamar, Sydney Hernandez, Christopher Nguyen, Michael Takiddeen, Yasser Garcia, Jonathan",10/02/2015,Yes,"single page, photograph",Windy Gaming,"Chicago,IL",,,"Attribution-NonCommercial-ShareAlike 3.0 United States
http://creativecommons.org/licenses/by-nc-sa/3.0/us/
In Copyright
http://rightsstatements.org/page/InC/1.0/",image;Stillmage,English
Chris11,Chris64,Chris_Shop11.JPG,A look into Windy Gaming's repair/store,Box full of old games,,image/JPG,"Mcnamar, Sydney Hernandez, Christopher Nguyen, Michael Takiddeen, Yasser Garcia, Jonathan",10/02/2015,Yes,"single page, photograph",Windy Gaming,"Chicago,IL",,,"Attribution-NonCommercial-ShareAlike 3.0 United States
http://creativecommons.org/licenses/by-nc-sa/3.0/us/
In Copyright
http://rightsstatements.org/page/InC/1.0/",image;Stillmage,English
Chris12,Chris64,Chris_Shop12.JPG,A look into Windy Gaming's repair/store,Squid Poster,,image/JPG,"Mcnamar, Sydney Hernandez, Christopher Nguyen, Michael Takiddeen, Yasser Garcia, Jonathan",10/02/2015,Yes,"single page, photograph",Windy Gaming,"Chicago,IL",,,"Attribution-NonCommercial-ShareAlike 3.0 United States
http://creativecommons.org/licenses/by-nc-sa/3.0/us/
In Copyright
http://rightsstatements.org/page/InC/1.0/",image;Stillmage,English
Chris13,Chris64,Chris_Shop13.JPG,A look into Windy Gaming's repair/store,Monty Python Poster,,image/JPG,"Mcnamar, Sydney Hernandez, Christopher Nguyen, Michael Takiddeen, Yasser Garcia, Jonathan",10/02/2015,Yes,"single page, photograph",Windy Gaming,"Chicago,IL",,,"Attribution-NonCommercial-ShareAlike 3.0 United States
http://creativecommons.org/licenses/by-nc-sa/3.0/us/
In Copyright
http://rightsstatements.org/page/InC/1.0/",image;Stillmage,English
Chris14,Chris64,Chris_Shop14.JPG,A look into Windy Gaming's repair/store,Whiteboard,,image/JPG,"Mcnamar, Sydney Hernandez, Christopher Nguyen, Michael Takiddeen, Yasser Garcia, Jonathan",10/02/2015,Yes,"single page, photograph",Windy Gaming,"Chicago,IL",,,"Attribution-NonCommercial-ShareAlike 3.0 United States
http://creativecommons.org/licenses/by-nc-sa/3.0/us/
In Copyright
http://rightsstatements.org/page/InC/1.0/",image;Stillmage,English
Chris15,Chris64,Chris_Shop15.JPG,A look into Windy Gaming's repair/store,Nintendo 64 Console,,image/JPG,"Mcnamar, Sydney Hernandez, Christopher Nguyen, Michael Takiddeen, Yasser Garcia, Jonathan",10/02/2015,Yes,"single page, photograph",Windy Gaming,"Chicago,IL",,,"Attribution-NonCommercial-ShareAlike 3.0 United States
http://creativecommons.org/licenses/by-nc-sa/3.0/us/
In Copyright
http://rightsstatements.org/page/InC/1.0/",image;Stillmage,English
Chris16,Chris64,Chris_Shop16.JPG,A look into Windy Gaming's repair/store,Tekken Collectables,,image/JPG,"Mcnamar, Sydney Hernandez, Christopher Nguyen, Michael Takiddeen, Yasser Garcia, Jonathan",10/02/2015,Yes,"single page, photograph",Windy Gaming,"Chicago,IL",,,"Attribution-NonCommercial-ShareAlike 3.0 United States
http://creativecommons.org/licenses/by-nc-sa/3.0/us/
In Copyright
http://rightsstatements.org/page/InC/1.0/",image;Stillmage,English
Chris17,Chris64,Chris_Shop17.JPG,A look into Windy Gaming's repair/store,Nintendo GameBoy Box,,image/JPG,"Mcnamar, Sydney Hernandez, Christopher Nguyen, Michael Takiddeen, Yasser Garcia, Jonathan",10/02/2015,Yes,"single page, photograph",Windy Gaming,"Chicago,IL",,,"Attribution-NonCommercial-ShareAlike 3.0 United States
http://creativecommons.org/licenses/by-nc-sa/3.0/us/
In Copyright
http://rightsstatements.org/page/InC/1.0/",image;Stillmage,English
Chris18,Chris64,Chris_Shop18.JPG,A look into Windy Gaming's repair/store,Nintendo Super Famicom Box,,image/JPG,"Mcnamar, Sydney Hernandez, Christopher Nguyen, Michael Takiddeen, Yasser Garcia, Jonathan",10/02/2015,Yes,"single page, photograph",Windy Gaming,"Chicago,IL",,,"Attribution-NonCommercial-ShareAlike 3.0 United States
http://creativecommons.org/licenses/by-nc-sa/3.0/us/
In Copyright
http://rightsstatements.org/page/InC/1.0/",image;Stillmage,English
Chris19,Chris64,Chris_Shop19.JPG,A look into Windy Gaming's repair/store,Old Arcade Machine,,image/JPG,"Mcnamar, Sydney Hernandez, Christopher Nguyen, Michael Takiddeen, Yasser Garcia, Jonathan",10/02/2015,Yes,"single page, photograph",Windy Gaming,"Chicago,IL",,,"Attribution-NonCommercial-ShareAlike 3.0 United States
http://creativecommons.org/licenses/by-nc-sa/3.0/us/
In Copyright
http://rightsstatements.org/page/InC/1.0/",image;Stillmage,English
Chris20,Chris64,Chris_Shop20.JPG,A look into Windy Gaming's repair/store,Bulletin Board,,image/JPG,"Mcnamar, Sydney Hernandez, Christopher Nguyen, Michael Takiddeen, Yasser Garcia, Jonathan",10/02/2015,Yes,"single page, photograph",Windy Gaming,"Chicago,IL",,,"Attribution-NonCommercial-ShareAlike 3.0 United States
http://creativecommons.org/licenses/by-nc-sa/3.0/us/
In Copyright
http://rightsstatements.org/page/InC/1.0/",image;Stillmage,English
Chris21,Chris64,Chris_Shop21.JPG,A look into Windy Gaming's repair/store,Chris's Office,,image/JPG,"Mcnamar, Sydney Hernandez, Christopher Nguyen, Michael Takiddeen, Yasser Garcia, Jonathan",10/02/2015,Yes,"single page, photograph",Chris Dammacco,"Chicago,IL",,,"Attribution-NonCommercial-ShareAlike 3.0 United States
http://creativecommons.org/licenses/by-nc-sa/3.0/us/
In Copyright
http://rightsstatements.org/page/InC/1.0/",image;Stillmage,English
Chris22,Chris64,Chris_Shop22.JPG,A look into Windy Gaming's repair/store,Family Computer Disk Systems,,image/JPG,"Mcnamar, Sydney Hernandez, Christopher Nguyen, Michael Takiddeen, Yasser Garcia, Jonathan",10/02/2015,Yes,"single page, photograph",Windy Gaming,"Chicago,IL",,,"Attribution-NonCommercial-ShareAlike 3.0 United States
http://creativecommons.org/licenses/by-nc-sa/3.0/us/
In Copyright
http://rightsstatements.org/page/InC/1.0/",image;Stillmage,English
Chris23,Chris64,Chris_Shop23.JPG,A look into Windy Gaming's repair/store,Nintendo GameCube Attachment,,image/JPG,"Mcnamar, Sydney Hernandez, Christopher Nguyen, Michael Takiddeen, Yasser Garcia, Jonathan",10/02/2015,Yes,"single page, photograph",Windy Gaming,"Chicago,IL",,,"Attribution-NonCommercial-ShareAlike 3.0 United States
http://creativecommons.org/licenses/by-nc-sa/3.0/us/
In Copyright
http://rightsstatements.org/page/InC/1.0/",image;Stillmage,English
Chris24,Chris64,Chris_Shop24.JPG,A look into Windy Gaming's repair/store,GameBoy PocketPrinter,,image/JPG,"Mcnamar, Sydney Hernandez, Christopher Nguyen, Michael Takiddeen, Yasser Garcia, Jonathan",10/02/2015,Yes,"single page, photograph",Windy Gaming,"Chicago,IL",,,"Attribution-NonCommercial-ShareAlike 3.0 United States
http://creativecommons.org/licenses/by-nc-sa/3.0/us/
In Copyright
http://rightsstatements.org/page/InC/1.0/",image;Stillmage,English
Chris25,Chris64,Chris_Shop25.JPG,A look into Windy Gaming's repair/store,Some Figurines,,image/JPG,"Mcnamar, Sydney Hernandez, Christopher Nguyen, Michael Takiddeen, Yasser Garcia, Jonathan",10/02/2015,Yes,"single page, photograph",Windy Gaming,"Chicago,IL",,,"Attribution-NonCommercial-ShareAlike 3.0 United States
http://creativecommons.org/licenses/by-nc-sa/3.0/us/
In Copyright
http://rightsstatements.org/page/InC/1.0/",image;Stillmage,English
Chris26,Chris64,Chris_Shop26.JPG,A look into Windy Gaming's repair/store,SEGA DreamCast,,image/JPG,"Mcnamar, Sydney Hernandez, Christopher Nguyen, Michael Takiddeen, Yasser Garcia, Jonathan",10/02/2015,Yes,"single page, photograph",Windy Gaming,"Chicago,IL",,,"Attribution-NonCommercial-ShareAlike 3.0 United States
http://creativecommons.org/licenses/by-nc-sa/3.0/us/
In Copyright
http://rightsstatements.org/page/InC/1.0/",image;Stillmage,English
Chris27,Chris64,Chris_Shop27.JPG,A look into Windy Gaming's repair/store,Old Classic Consoles,,image/JPG,"Mcnamar, Sydney Hernandez, Christopher Nguyen, Michael Takiddeen, Yasser Garcia, Jonathan",10/02/2015,Yes,"single page, photograph",Windy Gaming,"Chicago,IL",,,"Attribution-NonCommercial-ShareAlike 3.0 United States
http://creativecommons.org/licenses/by-nc-sa/3.0/us/
In Copyright
http://rightsstatements.org/page/InC/1.0/",image;Stillmage,English
Chris28,Chris64,Chris_Shop28.JPG,A look into Windy Gaming's repair/store,GameCube Controller,,image/JPG,"Mcnamar, Sydney Hernandez, Christopher Nguyen, Michael Takiddeen, Yasser Garcia, Jonathan",10/02/2015,Yes,"single page, photograph",Windy Gaming,"Chicago,IL",,,"Attribution-NonCommercial-ShareAlike 3.0 United States
http://creativecommons.org/licenses/by-nc-sa/3.0/us/
In Copyright
http://rightsstatements.org/page/InC/1.0/",image;Stillmage,English
Chris29,Chris64,Chris_Shop29.JPG,A look into Windy Gaming's repair/store,A Disc Cleaner,,image/JPG,"Mcnamar, Sydney Hernandez, Christopher Nguyen, Michael Takiddeen, Yasser Garcia, Jonathan",10/02/2015,Yes,"single page, photograph",Windy Gaming,"Chicago,IL",,,"Attribution-NonCommercial-ShareAlike 3.0 United States
http://creativecommons.org/licenses/by-nc-sa/3.0/us/
In Copyright
http://rightsstatements.org/page/InC/1.0/",image;Stillmage,English
Chris30,Chris64,Chris_Shop30.JPG,A look into Windy Gaming's repair/store,Container filled with boxes,,image/JPG,"Mcnamar, Sydney Hernandez, Christopher Nguyen, Michael Takiddeen, Yasser Garcia, Jonathan",10/02/2015,Yes,"single page, photograph",Windy Gaming,"Chicago,IL",,,"Attribution-NonCommercial-ShareAlike 3.0 United States
http://creativecommons.org/licenses/by-nc-sa/3.0/us/
In Copyright
http://rightsstatements.org/page/InC/1.0/",image;Stillmage,English
Chris31,Chris64,Chris_Shop31.JPG,A look into Windy Gaming's repair/store,Container filled with old games,,image/JPG,"Mcnamar, Sydney Hernandez, Christopher Nguyen, Michael Takiddeen, Yasser Garcia, Jonathan",10/02/2015,Yes,"single page, photograph",Windy Gaming,"Chicago,IL",,,"Attribution-NonCommercial-ShareAlike 3.0 United States
http://creativecommons.org/licenses/by-nc-sa/3.0/us/
In Copyright
http://rightsstatements.org/page/InC/1.0/",image;Stillmage,English
Chris32,Chris64,Chris_Shop32.JPG,A look into Windy Gaming's repair/store,Small Figure,,image/JPG,"Mcnamar, Sydney Hernandez, Christopher Nguyen, Michael Takiddeen, Yasser Garcia, Jonathan",10/02/2015,Yes,"single page, photograph",Windy Gaming,"Chicago,IL",,,"Attribution-NonCommercial-ShareAlike 3.0 United States
http://creativecommons.org/licenses/by-nc-sa/3.0/us/
In Copyright
http://rightsstatements.org/page/InC/1.0/",image;Stillmage,English
Chris33,Chris64,Chris_Shop33.JPG,A look into Windy Gaming's repair/store,A SNK attachment ,,image/JPG,"Mcnamar, Sydney Hernandez, Christopher Nguyen, Michael Takiddeen, Yasser Garcia, Jonathan",10/02/2015,Yes,"single page, photograph",Windy Gaming,"Chicago,IL",,,"Attribution-NonCommercial-ShareAlike 3.0 United States
http://creativecommons.org/licenses/by-nc-sa/3.0/us/
In Copyright
http://rightsstatements.org/page/InC/1.0/",image;Stillmage,English
Chris34,Chris64,Chris_Shop34.JPG,A look into Windy Gaming's repair/store,PC Engine GT Hardware,,image/JPG,"Mcnamar, Sydney Hernandez, Christopher Nguyen, Michael Takiddeen, Yasser Garcia, Jonathan",10/02/2015,Yes,"single page, photograph",Windy Gaming,"Chicago,IL",,,"Attribution-NonCommercial-ShareAlike 3.0 United States
http://creativecommons.org/licenses/by-nc-sa/3.0/us/
In Copyright
http://rightsstatements.org/page/InC/1.0/",image;Stillmage,English
Chris35,Chris64,Chris_Shop35.JPG,A look into Windy Gaming's repair/store,Video Game Collectors Editions,,image/JPG,"Mcnamar, Sydney Hernandez, Christopher Nguyen, Michael Takiddeen, Yasser Garcia, Jonathan",10/02/2015,Yes,"single page, photograph",Windy Gaming,"Chicago,IL",,,"Attribution-NonCommercial-ShareAlike 3.0 United States
http://creativecommons.org/licenses/by-nc-sa/3.0/us/
In Copyright
http://rightsstatements.org/page/InC/1.0/",image;Stillmage,English
Chris36,Chris64,Chris_Shop36.JPG,A look into Windy Gaming's repair/store,Many SEGA DreamCast Consoles,,image/JPG,"Mcnamar, Sydney Hernandez, Christopher Nguyen, Michael Takiddeen, Yasser Garcia, Jonathan",10/02/2015,Yes,"single page, photograph",Windy Gaming,"Chicago,IL",,,"Attribution-NonCommercial-ShareAlike 3.0 United States
http://creativecommons.org/licenses/by-nc-sa/3.0/us/
In Copyright
http://rightsstatements.org/page/InC/1.0/",image;Stillmage,English
Chris37,Chris64,Chris_Shop37.JPG,A look into Windy Gaming's repair/store,"Unidentified Consoles 
",,image/JPG,"Mcnamar, Sydney Hernandez, Christopher Nguyen, Michael Takiddeen, Yasser Garcia, Jonathan",10/02/2015,Yes,"single page, photograph",Windy Gaming,"Chicago,IL",,,"Attribution-NonCommercial-ShareAlike 3.0 United States
http://creativecommons.org/licenses/by-nc-sa/3.0/us/
In Copyright
http://rightsstatements.org/page/InC/1.0/",image;Stillmage,English
Chris38,Chris64,Chris_Shop38.JPG,A look into Windy Gaming's repair/store,SEGA Arcade Machine,,image/JPG,"Mcnamar, Sydney Hernandez, Christopher Nguyen, Michael Takiddeen, Yasser Garcia, Jonathan",10/02/2015,Yes,"single page, photograph",Windy Gaming,"Chicago,IL",,,"Attribution-NonCommercial-ShareAlike 3.0 United States
http://creativecommons.org/licenses/by-nc-sa/3.0/us/
In Copyright
http://rightsstatements.org/page/InC/1.0/",image;Stillmage,English
Chris39,Chris64,Chris_Shop39.JPG,A look into Windy Gaming's repair/store,Playstation 1 Console,,image/JPG,"Mcnamar, Sydney Hernandez, Christopher Nguyen, Michael Takiddeen, Yasser Garcia, Jonathan",10/02/2015,Yes,"single page, photograph",Windy Gaming,"Chicago,IL",,,"Attribution-NonCommercial-ShareAlike 3.0 United States
http://creativecommons.org/licenses/by-nc-sa/3.0/us/
In Copyright
http://rightsstatements.org/page/InC/1.0/",image;Stillmage,English
Chris40,Chris64,Chris_Shop41.JPG,A look into Windy Gaming's repair/store,Board Games,,image/JPG,"Mcnamar, Sydney Hernandez, Christopher Nguyen, Michael Takiddeen, Yasser Garcia, Jonathan",10/02/2015,Yes,"single page, photograph",Windy Gaming,"Chicago,IL",,,"Attribution-NonCommercial-ShareAlike 3.0 United States
http://creativecommons.org/licenses/by-nc-sa/3.0/us/
In Copyright
http://rightsstatements.org/page/InC/1.0/",image;Stillmage,English
Chris41,Chris64,Chris_Shop42.JPG,A look into Windy Gaming's repair/store,Japan Slot Machine,,image/JPG,"Mcnamar, Sydney Hernandez, Christopher Nguyen, Michael Takiddeen, Yasser Garcia, Jonathan",10/02/2015,Yes,"single page, photograph",Windy Gaming,"Chicago,IL",,,"Attribution-NonCommercial-ShareAlike 3.0 United States
http://creativecommons.org/licenses/by-nc-sa/3.0/us/
In Copyright
http://rightsstatements.org/page/InC/1.0/",image;Stillmage,English
Chris42,Chris64,Chris_Shop43.JPG,A look into Windy Gaming's repair/store,Nintendo DSI,,image/JPG,"Mcnamar, Sydney Hernandez, Christopher Nguyen, Michael Takiddeen, Yasser Garcia, Jonathan",10/02/2015,Yes,"single page, photograph",Windy Gaming,"Chicago,IL",,,"Attribution-NonCommercial-ShareAlike 3.0 United States
http://creativecommons.org/licenses/by-nc-sa/3.0/us/
In Copyright
http://rightsstatements.org/page/InC/1.0/",image;Stillmage,English
Chris43,Chris64,Chris_Shop44.JPG,A look into Windy Gaming's repair/store,Unidentified Item,,image/JPG,"Mcnamar, Sydney Hernandez, Christopher Nguyen, Michael Takiddeen, Yasser Garcia, Jonathan",10/02/2015,Yes,"single page, photograph",Windy Gaming,"Chicago,IL",,,"Attribution-NonCommercial-ShareAlike 3.0 United States
http://creativecommons.org/licenses/by-nc-sa/3.0/us/
In Copyright
http://rightsstatements.org/page/InC/1.0/",image;Stillmage,English
Chris44,Chris64,Chris_Shop45.JPG,A look into Windy Gaming's repair/store,Parts ,,image/JPG,"Mcnamar, Sydney Hernandez, Christopher Nguyen, Michael Takiddeen, Yasser Garcia, Jonathan",10/02/2015,Yes,"single page, photograph",Windy Gaming,"Chicago,IL",,,"Attribution-NonCommercial-ShareAlike 3.0 United States
http://creativecommons.org/licenses/by-nc-sa/3.0/us/
In Copyright
http://rightsstatements.org/page/InC/1.0/",image;Stillmage,English
Chris45,Chris64,Chris_Shop46.JPG,A look into Windy Gaming's repair/store,Video Game Fighting Sticks,,image/JPG,"Mcnamar, Sydney Hernandez, Christopher Nguyen, Michael Takiddeen, Yasser Garcia, Jonathan",10/02/2015,Yes,"single page, photograph",Windy Gaming,"Chicago,IL",,,"Attribution-NonCommercial-ShareAlike 3.0 United States
http://creativecommons.org/licenses/by-nc-sa/3.0/us/
In Copyright
http://rightsstatements.org/page/InC/1.0/",image;Stillmage,English
Chris46,Chris64,Chris_Shop47.JPG,A look into Windy Gaming's repair/store,NES Cartridge ,,image/JPG,"Mcnamar, Sydney Hernandez, Christopher Nguyen, Michael Takiddeen, Yasser Garcia, Jonathan",10/02/2015,Yes,"single page, photograph",Windy Gaming,"Chicago,IL",,,"Attribution-NonCommercial-ShareAlike 3.0 United States
http://creativecommons.org/licenses/by-nc-sa/3.0/us/
In Copyright
http://rightsstatements.org/page/InC/1.0/",image;Stillmage,English
Chris47,Chris64,Chris_Shop48.JPG,A look into Windy Gaming's repair/store,Pacman Plug-in Play,,image/JPG,"Mcnamar, Sydney Hernandez, Christopher Nguyen, Michael Takiddeen, Yasser Garcia, Jonathan",10/02/2015,Yes,"single page, photograph",Windy Gaming,"Chicago,IL",,,"Attribution-NonCommercial-ShareAlike 3.0 United States
http://creativecommons.org/licenses/by-nc-sa/3.0/us/
In Copyright
http://rightsstatements.org/page/InC/1.0/",image;Stillmage,English
Chris48,Chris64,Chris_Shop49.JPG,A look into Windy Gaming's repair/store,Video game Poster ,,image/JPG,"Mcnamar, Sydney Hernandez, Christopher Nguyen, Michael Takiddeen, Yasser Garcia, Jonathan",10/02/2015,Yes,"single page, photograph",Windy Gaming,"Chicago,IL",,,"Attribution-NonCommercial-ShareAlike 3.0 United States
http://creativecommons.org/licenses/by-nc-sa/3.0/us/
In Copyright
http://rightsstatements.org/page/InC/1.0/",image;Stillmage,English
Chris49,Chris64,Chris_Shop50.JPG,A look into Windy Gaming's repair/store,Windy Gaming Flag,,image/JPG,"Mcnamar, Sydney Hernandez, Christopher Nguyen, Michael Takiddeen, Yasser Garcia, Jonathan",10/02/2015,Yes,"single page, photograph",Windy Gaming,"Chicago,IL",,,"Attribution-NonCommercial-ShareAlike 3.0 United States
http://creativecommons.org/licenses/by-nc-sa/3.0/us/
In Copyright
http://rightsstatements.org/page/InC/1.0/",image;Stillmage,English
Chris50,Chris64,Chris_Shop51JPG,A look into Windy Gaming's repair/store,Container of Japanese N64 Cartridges,,image/JPG,"Mcnamar, Sydney Hernandez, Christopher Nguyen, Michael Takiddeen, Yasser Garcia, Jonathan",10/02/2015,Yes,"single page, photograph",Windy Gaming,"Chicago,IL",,,"Attribution-NonCommercial-ShareAlike 3.0 United States
http://creativecommons.org/licenses/by-nc-sa/3.0/us/
In Copyright
http://rightsstatements.org/page/InC/1.0/",image;Stillmage,English
Chris51,Chris64,Chris_Shop52.JPG,A look into Windy Gaming's repair/store,Donkey Kong Drum Controller,,image/JPG,"Mcnamar, Sydney Hernandez, Christopher Nguyen, Michael Takiddeen, Yasser Garcia, Jonathan",10/02/2015,Yes,"single page, photograph",Windy Gaming,"Chicago,IL",,,"Attribution-NonCommercial-ShareAlike 3.0 United States
http://creativecommons.org/licenses/by-nc-sa/3.0/us/
In Copyright
http://rightsstatements.org/page/InC/1.0/",image;Stillmage,English
Chris52,Chris64,Chris_Shop53.JPG,A look into Windy Gaming's repair/store,A Pacman Game,,image/JPG,"Mcnamar, Sydney Hernandez, Christopher Nguyen, Michael Takiddeen, Yasser Garcia, Jonathan",10/02/2015,Yes,"single page, photograph",Windy Gaming,"Chicago,IL",,,"Attribution-NonCommercial-ShareAlike 3.0 United States
http://creativecommons.org/licenses/by-nc-sa/3.0/us/
In Copyright
http://rightsstatements.org/page/InC/1.0/",image;Stillmage,English
Chris53,Chris64,Chris_Shop54.JPG,A look into Windy Gaming's repair/store,A Small Japanese Game Console,,image/JPG,"Mcnamar, Sydney Hernandez, Christopher Nguyen, Michael Takiddeen, Yasser Garcia, Jonathan",10/02/2015,Yes,"single page, photograph",Windy Gaming,"Chicago,IL",,,"Attribution-NonCommercial-ShareAlike 3.0 United States
http://creativecommons.org/licenses/by-nc-sa/3.0/us/
In Copyright
http://rightsstatements.org/page/InC/1.0/",image;Stillmage,English
Chris54,Chris64,Chris_Shop55.JPG,A look into Windy Gaming's repair/store,A SEGA related card,,image/JPG,"Mcnamar, Sydney Hernandez, Christopher Nguyen, Michael Takiddeen, Yasser Garcia, Jonathan",10/02/2015,Yes,"single page, photograph",Windy Gaming,"Chicago,IL",,,"Attribution-NonCommercial-ShareAlike 3.0 United States
http://creativecommons.org/licenses/by-nc-sa/3.0/us/
In Copyright
http://rightsstatements.org/page/InC/1.0/",image;Stillmage,English
Chris55,Chris64,Chris_Shop56.JPG,A look into Windy Gaming's repair/store,NIntendo GameBoy Game ,,image/JPG,"Mcnamar, Sydney Hernandez, Christopher Nguyen, Michael Takiddeen, Yasser Garcia, Jonathan",10/02/2015,Yes,"single page, photograph",Windy Gaming,"Chicago,IL",,,"Attribution-NonCommercial-ShareAlike 3.0 United States
http://creativecommons.org/licenses/by-nc-sa/3.0/us/
In Copyright
http://rightsstatements.org/page/InC/1.0/",image;Stillmage,English
Chris56,Chris64,Chris_Shop57.JPG,A look into Windy Gaming's repair/store,Case with games inside,,image/JPG,"Mcnamar, Sydney Hernandez, Christopher Nguyen, Michael Takiddeen, Yasser Garcia, Jonathan",10/02/2015,Yes,"single page, photograph",Windy Gaming,"Chicago,IL",,,"Attribution-NonCommercial-ShareAlike 3.0 United States
http://creativecommons.org/licenses/by-nc-sa/3.0/us/
In Copyright
http://rightsstatements.org/page/InC/1.0/",image;Stillmage,English
Chris57,Chris64,Chris_Shop58.JPG,A look into Windy Gaming's repair/store,Container with unidentified boxes,,image/JPG,"Mcnamar, Sydney Hernandez, Christopher Nguyen, Michael Takiddeen, Yasser Garcia, Jonathan",10/02/2015,Yes,"single page, photograph",Windy Gaming,"Chicago,IL",,,"Attribution-NonCommercial-ShareAlike 3.0 United States
http://creativecommons.org/licenses/by-nc-sa/3.0/us/
In Copyright
http://rightsstatements.org/page/InC/1.0/",image;Stillmage,English
Chris58,Chris64,Chris_Shop59.JPG,A look into Windy Gaming's repair/store,Arcade machine parts,,image/JPG,"Mcnamar, Sydney Hernandez, Christopher Nguyen, Michael Takiddeen, Yasser Garcia, Jonathan",10/02/2015,Yes,"single page, photograph",Windy Gaming,"Chicago,IL",,,"Attribution-NonCommercial-ShareAlike 3.0 United States
http://creativecommons.org/licenses/by-nc-sa/3.0/us/
In Copyright
http://rightsstatements.org/page/InC/1.0/",image;Stillmage,English
Chris59,Chris64,Chris_Shop60.JPG,A look into Windy Gaming's repair/store,Super Mario GameBoy Cartridge ,,image/JPG,"Mcnamar, Sydney Hernandez, Christopher Nguyen, Michael Takiddeen, Yasser Garcia, Jonathan",10/02/2015,Yes,"single page, photograph",Windy Gaming,"Chicago,IL",,,"Attribution-NonCommercial-ShareAlike 3.0 United States
http://creativecommons.org/licenses/by-nc-sa/3.0/us/
In Copyright
http://rightsstatements.org/page/InC/1.0/",image;Stillmage,English
Chris60,Chris64,Chris_Dammacco_Portrait.JPG,Portrait of Chris Dammacco,Chris Dammacco,,image/JPG,"Mcnamar, Sydney Hernandez, Christopher Nguyen, Michael Takiddeen, Yasser Garcia, Jonathan",10/02/2015,Yes,"single page, photograph",Chris Dammacco,"Chicago,IL",,,"Attribution-NonCommercial-ShareAlike 3.0 United States
http://creativecommons.org/licenses/by-nc-sa/3.0/us/
In Copyright
http://rightsstatements.org/page/InC/1.0/",image;Stillmage,English
Chris61,Chris64,Chris_Dammacco_Portrait2.JPG,Portrait of Chris Dammacco,Chris Dammacco (Office),,image/JPG,"Mcnamar, Sydney Hernandez, Christopher Nguyen, Michael Takiddeen, Yasser Garcia, Jonathan",10/02/2015,Yes,"single page, photograph",Chris Dammacco,"Chicago,IL",,,"Attribution-NonCommercial-ShareAlike 3.0 United States
http://creativecommons.org/licenses/by-nc-sa/3.0/us/
In Copyright
http://rightsstatements.org/page/InC/1.0/",image;Stillmage,English
Chris62,Chris64,Chris_Dammacco_Interview.mp3,"Chris Dammacco began as a cheese broker for the majority of Midwestern states until one day he confronted a video game shop owner about the poor treatment of his customers; the owner’s response was “If you don’t like the way I do things, then why don’t you start your own shop”, and that’s exactly what he did. Dammacco founded Windy Gaming officially in January of 2015, but first invested in the idea in September of 2012. Windy Gaming specializes in import games, specifically from Japan. He mostly runs the business by himself; the only help he gets is a mechanical engineer that comes in once a week to repair games and two unpaid college students who assist him during convention weekends. The majority of his inventory is games from the late 80s and early 90s because this is the era that Dammacco finds most intriguing. Windy Gaming attends several gaming conventions a year, the favorite being the Midwestern Gaming Convention. At Windy Gaming’s first year at this convention, they only had two eight-foot tables; this past year they had grown so much as to be able to purchase a private room. Dammacco was able to meet many famous internet personalities and players through these conventions some of which included James Rolfe and the hosts of the “Sat Guys” YouTube channel. These two to three day conventions can bring in as much as five figures according to Dammacco and make up a majority of his sales. Dammacco’s friendly treatment of the buyers has created a league of loyal customers that will follow go so far as to follow to him to conventions. Each product he sends out comes with a hand written, personalized note from Dammacco expressing gratitude for their purchase. Dammacco will facetime, skype, email, tweet, Facebook message, call, and the like if the customer wants a deeper understanding of the product or inventory as a whole. The most unique thing about Windy Gaming is that despite sales being entirely online, Dammacco strives to make himself known so the customer is aware that it is a man they are making deals with, not a soulless computer screen. He also makes an effort to keep prices as low as possible in order to cater to the player so they can enjoy the experience of the game without the guilt of overpriced items. Dammacco feels the poor treatment of the players and customers in this industry will be its eventual downfall because the overpriced, never to be played games that certain vendors are selling are not true to the real meaning of a video games. Games are a hobby meant to be enjoyed by those who love to play. His efforts at creating a standard for pricing and customer interaction are making an impact on the gaming industry. The amount of growth that Windy Gaming has produced in such a short time is truly amazing and serves as a commentary on the success of the modern video industry. Prospects are high for Chris Dammacco’s Windy Gaming as well as the gaming industry as a whole.",Interview with Chris Dammacco,,audio/MP3,"Mcnamar, Sydney Hernandez, Christopher Nguyen, Michael Takiddeen, Yasser Garcia, Jonathan",10/02/2015,Yes,Interview,Chris Dammacco,"Chicago,IL",,,"Attribution-NonCommercial-ShareAlike 3.0 United States
http://creativecommons.org/licenses/by-nc-sa/3.0/us/
In Copyright
http://rightsstatements.org/page/InC/1.0/",audio; Interview,English
Chris63,Chris64,Chris_Interview_Transcription.PDF,A transcription of the interview ,Chris Interview Transcript,,audio/MP4,"Mcnamar, Sydney Hernandez, Christopher Nguyen, Michael Takiddeen, Yasser Garcia, Jonathan",10/02/2015,Yes,Documentation,Transcript,"Chicago,IL",,,"Attribution-NonCommercial-ShareAlike 3.0 United States
http://creativecommons.org/licenses/by-nc-sa/3.0/us/
In Copyright
http://rightsstatements.org/page/InC/1.0/",project deliverable,English
Chris64,,,This is a collection of Windy Gaming,Windy Gaming Collection,,compound_object,"Mcnamar, Sydney Hernandez, Christopher Nguyen, Michael Takiddeen, Yasser Garcia, Jonathan",,,,Windy Gaming,"Chicago,IL",,,"Attribution-NonCommercial-ShareAlike 3.0 United States
http://creativecommons.org/licenses/by-nc-sa/3.0/us/
In Copyright
http://rightsstatements.org/page/InC/1.0/",Record,English
Todd01,Todd28,Todd_Friedman_Portrait.JPG,Portrait of Todd Friedman,Todd Friedman,,image/JPG,"Rao,Xi Houlihan,Jodi",2015,No,"single page, photograph",Personal Collection,,,,"Attribution-NonCommercial-ShareAlike 3.0 United States
http://creativecommons.org/licenses/by-nc-sa/3.0/us/
In Copyright
http://rightsstatements.org/page/InC/1.0/",image;Stillmage,English
Todd02,Todd28,Todd_Friedman_Portrait2.JPG,Portrait of Todd Friedman,Todd Friedman,,image/JPG,"Rao,Xi Houlihan,Jodi",2015,No,"single page, photograph",Personal Collection,,,,"Attribution-NonCommercial-ShareAlike 3.0 United States
http://creativecommons.org/licenses/by-nc-sa/3.0/us/
In Copyright
http://rightsstatements.org/page/InC/1.0/",image;Stillmage,English
Todd03,Todd28,Todd_Friedman_Portrait3.JPG,Portrait of Todd Friedman,Todd Friedman,,image/JPG,"Rao,Xi Houlihan,Jodi",2015,No,"single page, photograph",Personal Collection,,,,"Attribution-NonCommercial-ShareAlike 3.0 United States
http://creativecommons.org/licenses/by-nc-sa/3.0/us/
In Copyright
http://rightsstatements.org/page/InC/1.0/",image;Stillmage,English
Todd04,Todd28,Todd_Friedman_Portrait4.JPG,Portrait of Todd Friedman,Todd Friedman,,image/JPG,"Rao,Xi Houlihan,Jodi",2015,No,"single page, photograph",Personal Collection,,,,"Attribution-NonCommercial-ShareAlike 3.0 United States
http://creativecommons.org/licenses/by-nc-sa/3.0/us/
In Copyright
http://rightsstatements.org/page/InC/1.0/",image;Stillmage,English
Todd05,Todd28,Collection.JPG,This is Todd's huge collection of video games that he has collected,Todd Friedman's Collection,,image/JPG,"Rao,Xi Houlihan,Jodi",2015,No,"single page, photograph",Personal Collection,,,,"Attribution-NonCommercial-ShareAlike 3.0 United States
http://creativecommons.org/licenses/by-nc-sa/3.0/us/
In Copyright
http://rightsstatements.org/page/InC/1.0/",image;Stillmage,English
Todd06,Todd28,Collection2.JPG,This is Todd's huge collection of video games that he has collected,Todd Friedman's Collection,,image/JPG,"Rao,Xi Houlihan,Jodi",2015,No,"single page, photograph",Personal Collection,,,,"Attribution-NonCommercial-ShareAlike 3.0 United States
http://creativecommons.org/licenses/by-nc-sa/3.0/us/
In Copyright
http://rightsstatements.org/page/InC/1.0/",image;Stillmage,English
Todd07,Todd28,Collection3.JPG,This is Todd's huge collection of video games that he has collected,Todd Friedman's Collection,,image/JPG,"Rao,Xi Houlihan,Jodi",2015,No,"single page, photograph",Personal Collection,,,,"Attribution-NonCommercial-ShareAlike 3.0 United States
http://creativecommons.org/licenses/by-nc-sa/3.0/us/
In Copyright
http://rightsstatements.org/page/InC/1.0/",image;Stillmage,English
Todd08,Todd28,Collection4.JPG,This is Todd's huge collection of video games that he has collected,Todd Friedman's Collection,,image/JPG,"Rao,Xi Houlihan,Jodi",2015,No,"single page, photograph",Personal Collection,,,,"Attribution-NonCommercial-ShareAlike 3.0 United States
http://creativecommons.org/licenses/by-nc-sa/3.0/us/
In Copyright
http://rightsstatements.org/page/InC/1.0/",image;Stillmage,English
Todd09,Todd28,Collection5.JPG,This is Todd's huge collection of video games that he has collected,Todd Friedman's Collection,,image/JPG,"Rao,Xi Houlihan,Jodi",2015,No,"single page, photograph",Personal Collection,,,,"Attribution-NonCommercial-ShareAlike 3.0 United States
http://creativecommons.org/licenses/by-nc-sa/3.0/us/
In Copyright
http://rightsstatements.org/page/InC/1.0/",image;Stillmage,English
Todd10,Todd28,Collection6.JPG,This is Todd's huge collection of video games that he has collected,Todd Friedman's Collection,,image/JPG,"Rao,Xi Houlihan,Jodi",2015,No,"single page, photograph",Personal Collection,,,,"Attribution-NonCommercial-ShareAlike 3.0 United States
http://creativecommons.org/licenses/by-nc-sa/3.0/us/
In Copyright
http://rightsstatements.org/page/InC/1.0/",image;Stillmage,English
Todd11,Todd28,Collection7.JPG,This is Todd's huge collection of video games that he has collected,Todd Friedman's Collection,,image/JPG,"Rao,Xi Houlihan,Jodi",2015,No,"single page, photograph",Personal Collection,,,,"Attribution-NonCommercial-ShareAlike 3.0 United States
http://creativecommons.org/licenses/by-nc-sa/3.0/us/
In Copyright
http://rightsstatements.org/page/InC/1.0/",image;Stillmage,English
Todd12,Todd28,Collection8.JPG,This is Todd's huge collection of video games that he has collected,Todd Friedman's Collection,,image/JPG,"Rao,Xi Houlihan,Jodi",2015,No,"single page, photograph",Personal Collection,,,,"Attribution-NonCommercial-ShareAlike 3.0 United States
http://creativecommons.org/licenses/by-nc-sa/3.0/us/
In Copyright
http://rightsstatements.org/page/InC/1.0/",image;Stillmage,English
Todd13,Todd28,Collection9.JPG,This is Todd's huge collection of video games that he has collected,Todd Friedman's Collection,,image/JPG,"Rao,Xi Houlihan,Jodi",2015,No,"single page, photograph",Personal Collection,,,,"Attribution-NonCommercial-ShareAlike 3.0 United States
http://creativecommons.org/licenses/by-nc-sa/3.0/us/
In Copyright
http://rightsstatements.org/page/InC/1.0/",image;Stillmage,English
Todd14,Todd28,Collection10.JPG,This is Todd's huge collection of video games that he has collected,Todd Friedman's Collection,,image/JPG,"Rao,Xi Houlihan,Jodi",2015,No,"single page, photograph",Personal Collection,,,,"Attribution-NonCommercial-ShareAlike 3.0 United States
http://creativecommons.org/licenses/by-nc-sa/3.0/us/
In Copyright
http://rightsstatements.org/page/InC/1.0/",image;Stillmage,English
Todd15,Todd28,Collection11.JPG,This is Todd's huge collection of video games that he has collected,Todd Friedman's Collection,,image/JPG,"Rao,Xi Houlihan,Jodi",2015,No,"single page, photograph",Personal Collection,,,,"Attribution-NonCommercial-ShareAlike 3.0 United States
http://creativecommons.org/licenses/by-nc-sa/3.0/us/
In Copyright
http://rightsstatements.org/page/InC/1.0/",image;Stillmage,English
Todd16,Todd28,Collection12.JPG,This is Todd's huge collection of video games that he has collected,Todd Friedman's Collection,,image/JPG,"Rao,Xi Houlihan,Jodi",2015,No,"single page, photograph",Personal Collection,,,,"Attribution-NonCommercial-ShareAlike 3.0 United States
http://creativecommons.org/licenses/by-nc-sa/3.0/us/
In Copyright
http://rightsstatements.org/page/InC/1.0/",image;Stillmage,English
Todd17,Todd28,Collection13.JPG,This is Todd's huge collection of video games that he has collected,Todd Friedman's Collection,,image/JPG,"Rao,Xi Houlihan,Jodi",2015,No,"single page, photograph",Personal Collection,,,,"Attribution-NonCommercial-ShareAlike 3.0 United States
http://creativecommons.org/licenses/by-nc-sa/3.0/us/
In Copyright
http://rightsstatements.org/page/InC/1.0/",image;Stillmage,English
Todd18,Todd28,Collection14.JPG,This is Todd's huge collection of video games that he has collected,Todd Friedman's Collection,,image/JPG,"Rao,Xi Houlihan,Jodi",2015,No,"single page, photograph",Personal Collection,,,,"Attribution-NonCommercial-ShareAlike 3.0 United States
http://creativecommons.org/licenses/by-nc-sa/3.0/us/
In Copyright
http://rightsstatements.org/page/InC/1.0/",image;Stillmage,English
Todd19,Todd28,Collection15.JPG,This is Todd's huge collection of video games that he has collected,Todd Friedman's Collection,,image/JPG,"Rao,Xi Houlihan,Jodi",2015,No,"single page, photograph",Personal Collection,,,,"Attribution-NonCommercial-ShareAlike 3.0 United States
http://creativecommons.org/licenses/by-nc-sa/3.0/us/
In Copyright
http://rightsstatements.org/page/InC/1.0/",image;Stillmage,English
Todd20,Todd28,Collection16.JPG,This is Todd's huge collection of video games that he has collected,Todd Friedman's Collection,,image/JPG,"Rao,Xi Houlihan,Jodi",2015,No,"single page, photograph",Personal Collection,,,,"Attribution-NonCommercial-ShareAlike 3.0 United States
http://creativecommons.org/licenses/by-nc-sa/3.0/us/
In Copyright
http://rightsstatements.org/page/InC/1.0/",image;Stillmage,English
Todd21,Todd28,Arcade_Lineup.JPG,Todd lined up with fellow playes ,Todd Friedman's Collection,,image/JPG,"Rao,Xi Houlihan,Jodi",2015,No,"single page, photograph",Personal Collection,,,,"Attribution-NonCommercial-ShareAlike 3.0 United States
http://creativecommons.org/licenses/by-nc-sa/3.0/us/
In Copyright
http://rightsstatements.org/page/InC/1.0/",image;Stillmage,English
Todd22,Todd28,Todd_In_Front.JPG,This is Todd's huge collection of video games that he has collected,Todd Friedman's Collection,,image/JPG,"Rao,Xi Houlihan,Jodi",2015,No,"single page, photograph",Personal Collection,,,,"Attribution-NonCommercial-ShareAlike 3.0 United States
http://creativecommons.org/licenses/by-nc-sa/3.0/us/
In Copyright
http://rightsstatements.org/page/InC/1.0/",image;Stillmage,English
Todd23,Todd28,Todd_Inter.JPG,Todd getting interviewed by students,Todd getting interviewed,,image/JPG,"Rao,Xi Houlihan,Jodi",2015,No,"single page, photograph",Todd Friedman,,,,"Attribution-NonCommercial-ShareAlike 3.0 United States
http://creativecommons.org/licenses/by-nc-sa/3.0/us/
In Copyright
http://rightsstatements.org/page/InC/1.0/",image;Stillmage,English
Todd24,Todd28,Todd_Inter2.JPG,Todd getting interviewed by students,Todd getting interviewed,,image/JPG,"Rao,Xi Houlihan,Jodi",2015,No,"single page, photograph",Todd Friedman,,,,"Attribution-NonCommercial-ShareAlike 3.0 United States
http://creativecommons.org/licenses/by-nc-sa/3.0/us/
In Copyright
http://rightsstatements.org/page/InC/1.0/",image;Stillmage,English
Todd25,Todd28,Todd_Inter3.JPG,Todd getting interviewed by students,Todd getting interviewed,,image/JPG,"Rao,Xi Houlihan,Jodi",2015,No,"single page, photograph",Todd Friedman,,,,"Attribution-NonCommercial-ShareAlike 3.0 United States
http://creativecommons.org/licenses/by-nc-sa/3.0/us/
In Copyright
http://rightsstatements.org/page/InC/1.0/",image;Stillmage,English
Todd26,Todd28,Todd_Friedman_Interview.mp3,A Interview with Tod Friedman,Interview with Todd Friedman,,audio/MP3,"Rao,Xi Houlihan,Jodi",2015,No,Interview,Todd Friedman,,,,"Attribution-NonCommercial-ShareAlike 3.0 United States
http://creativecommons.org/licenses/by-nc-sa/3.0/us/
In Copyright
http://rightsstatements.org/page/InC/1.0/",audio; Interview,English
Todd27,Todd28,Todd_Interview_Transcript.PDF,A transcription of the interview ,Todd Interview Transcript,,application/PDF,"Rao,Xi Houlihan,Jodi",2015,No,Documentation,Transcript,,,,"Attribution-NonCommercial-ShareAlike 3.0 United States
http://creativecommons.org/licenses/by-nc-sa/3.0/us/
In Copyright
http://rightsstatements.org/page/InC/1.0/",project deliverable,English
Todd28,,,This is a collection of Todd Friedman,Todd Friedman Collection,,compound_object,"Rao,Xi Houlihan,Jodi",,,,Todd Friedman,,,,"Attribution-NonCommercial-ShareAlike 3.0 United States
http://creativecommons.org/licenses/by-nc-sa/3.0/us/
In Copyright
http://rightsstatements.org/page/InC/1.0/",Record,English